key,clicks,impressions,ctr,position
https://dreamlab.id/memunculkan-keranjang-reels/,822,18780,0.04376996805111821,4.212193823216188
https://dreamlab.id/,474,6844,0.06925774400935125,7.696522501461134
https://dreamlab.id/urutan-pabrik-skincare-terbaik-indonesia/,120,7678,0.015629070070330816,9.352305287835375
https://dreamlab.id/cara-meracik-handbody-pemutih-alami/,81,14840,0.00545822102425876,7.988342318059299
https://www.dreamlab.id/memunculkan-keranjang-reels/,78,3178,0.024543738200125866,5.553807426054122
https://dreamlab.id/cara-membuat-hb-dosting-sendiri/,72,3351,0.021486123545210387,6.606087735004476
https://dreamlab.id/industri-kosmetik-indonesia-terus-tumbuh/,72,2065,0.03486682808716707,8.226150121065375
https://dreamlab.id/pabrik-maklon-kosmetik-surabaya-terlengkap/,59,2533,0.02329253849190683,9.423213580734307
https://dreamlab.id/jasa-maklon-parfum-bali-terbaik-terlengkap/,48,1163,0.0412725709372313,6.827171109200344
https://dreamlab.id/pabrik-parfum-surabaya/,41,1493,0.027461486939048894,7.357669122572003
https://dreamlab.id/contact-us/,40,2303,0.017368649587494574,8.589231437255753
https://dreamlab.id/jasa-maklon-parfum-moq-rendah/,34,778,0.043701799485861184,8.435732647814909
https://dreamlab.id/pabrik-parfum-jakarta/,31,1294,0.023956723338485315,14.29289026275116
https://dreamlab.id/career/,29,396,0.07323232323232323,9.575757575757576
https://dreamlab.id/jenis-alkohol-dalam-parfum/,26,4093,0.006352308819936477,8.522599560224773
https://dreamlab.id/pkrt/,26,266,0.09774436090225563,10.454887218045112
https://dreamlab.id/alat-pengencang-wajah/,21,1017,0.02064896755162242,6.985250737463127
https://dreamlab.id/cara-hitunghpp-produk-kosmeti/,21,1259,0.016679904686258934,5.698173153296267
https://dreamlab.id/panduan-maklon-deodorant-bpom/,20,633,0.0315955766192733,7.518167456556082
https://dreamlab.id/pabrik-parfum-malang-dreamlab/,18,767,0.02346805736636245,8.345501955671448
https://dreamlab.id/cara-membuka-offline-store-kosmetik-2026/,16,1128,0.014184397163120567,7.830673758865248
https://dreamlab.id/contoh-kalimat-iklan-kosmetik-unik/,16,3451,0.004636337293538105,9.7003767024051
https://dreamlab.id/services/,16,1033,0.015488867376573089,7.566311713455954
https://dreamlab.id/maklon-hairmist/,15,204,0.07352941176470588,18.544117647058822
https://dreamlab.id/tren-cleanical-beauty-produk-skincare-paling-dicari-tahun-2026/,15,693,0.021645021645021644,6.266955266955267
https://dreamlab.id/maklon-parfum-makassar/,14,335,0.041791044776119404,7.513432835820896
https://dreamlab.id/8-tren-kecantikan-2026-smart-formula/,13,1116,0.011648745519713262,8.883512544802867
https://dreamlab.id/cysteamine-alternatif-hydroquinone/,13,997,0.013039117352056168,8.495486459378135
https://dreamlab.id/jasa-maklon-lipstik-bpom-terpercaya/,13,513,0.025341130604288498,8.253411306042885
https://dreamlab.id/maklon-parfum-jakarta/,13,194,0.06701030927835051,10.02061855670103
https://dreamlab.id/parfum/,12,458,0.026200873362445413,18.578602620087338
https://dreamlab.id/biaya-maklon-parfum-moq-kecil/,11,658,0.016717325227963525,7.878419452887538
https://dreamlab.id/jasa-maklon-bar-soap-merek-sendiri/,11,249,0.04417670682730924,10.393574297188755
https://dreamlab.id/jasa-maklon-kosmetik-bandung/,11,636,0.01729559748427673,10.473270440251572
https://dreamlab.id/tren-aroma-parfum-2026-terbaru/,11,903,0.012181616832779624,7.621262458471761
https://dreamlab.id/baby-care/,10,613,0.01631321370309951,20.034257748776508
https://dreamlab.id/pabrik-maklon-kosmetik-sidoarjo-dreamlab/,10,470,0.02127659574468085,10.9
https://dreamlab.id/pabrik-maklon-parfum-bekasi/,10,393,0.02544529262086514,17.549618320610687
https://dreamlab.id/category/maklon-parfum/,9,321,0.028037383177570093,12.862928348909657
https://www.dreamlab.id/cara-meracik-handbody-pemutih-alami/,9,2333,0.0038576939562794685,8.446206600942991
https://dreamlab.id/jadwalkanvisitmeeting.php,8,819,0.009768009768009768,10.213675213675213
https://dreamlab.id/maklon-kosmetik-skincare-medan-dreamlab/,8,254,0.031496062992125984,9.015748031496063
https://dreamlab.id/pabrik-shampoo-merek-sendiri/,8,245,0.0326530612244898,14.542857142857143
https://dreamlab.id/parfum-arab-ide-bisnis-2026/,8,242,0.03305785123966942,6.7190082644628095
https://dreamlab.id/perbedaan-moisturizer-gel-vs-cream/,8,4548,0.001759014951627089,7.751099384344767
https://www.dreamlab.id/,8,94,0.0851063829787234,7.851063829787234
https://dreamlab.id/maklon-hair-treatment-salon-premium/,7,199,0.035175879396984924,12.010050251256281
https://dreamlab.id/maklon-parfum-anak-custom-aroma/,7,144,0.04861111111111111,5.861111111111111
https://dreamlab.id/maklon-parfum-dreamlab/,7,194,0.03608247422680412,17.9020618556701
https://dreamlab.id/maklon-skincare-nad-plus-anti-aging/,7,298,0.02348993288590604,7.573825503355705
https://dreamlab.id/parfum-inspired-peluang-bisnis/,7,2664,0.002627627627627628,7.92042042042042
https://dreamlab.id/affiliate-kol-brand-skincare/,6,1227,0.004889975550122249,9.644661776691116
https://dreamlab.id/berapa-moq-maklon-skincare-di-dreamlab-ini-fakta-penting-untuk-pebisnis-pemula/,6,309,0.019417475728155338,9.77346278317152
https://dreamlab.id/maklon-bodycare-dreamlab-moq-fleksibel/,6,386,0.015544041450777202,10.919689119170984
https://dreamlab.id/maklon-kosmetik-tangerang-terpercaya/,6,385,0.015584415584415584,14.381818181818181
https://dreamlab.id/maklon-skincare-batam/,6,238,0.025210084033613446,9.987394957983193
https://dreamlab.id/pabrik-skincare-aceh-bpom-terlengkap/,6,110,0.05454545454545454,11.690909090909091
https://dreamlab.id/produk/parfum/,6,308,0.01948051948051948,14.571428571428571
https://dreamlab.id/state-of-beauty-2025-tren-kecantikan-pertumbuhan-industri-kosmetik-perubahan-pasar/,6,1246,0.004815409309791332,7.847512038523274
https://dreamlab.id/trend-body-care-2025-produk-viral-tiktok-shopee-dreamlab-maklon-kosmetik/,6,328,0.018292682926829267,7.286585365853658
https://www.dreamlab.id/tren-cleanical-beauty-produk-skincare-paling-dicari-tahun-2026/,6,194,0.030927835051546393,6.097938144329897
https://dreamlab.id/about-us/,5,463,0.01079913606911447,9.285097192224622
https://dreamlab.id/ide-bisnis-kosmetik-2026/,5,680,0.007352941176470588,7.932352941176471
https://dreamlab.id/maklon-kosmetik-jakarta-skala-besar/,5,33,0.15151515151515152,7.757575757575758
https://dreamlab.id/maklon-skincare-jawa-timur-dreamlab/,5,319,0.01567398119122257,18.57680250783699
https://dreamlab.id/parfum-pheromone-bisnis-parfum/,5,383,0.013054830287206266,7.27154046997389
https://dreamlab.id/rekomendasi-sunscreen-lokal/,5,1060,0.0047169811320754715,10.552830188679245
https://dreamlab.id/waterless-beauty-2025/,5,56,0.08928571428571429,4.892857142857142
https://www.dreamlab.id/contact-us/,5,248,0.020161290322580645,8.161290322580644
https://www.dreamlab.id/produk/babycare/,5,111,0.04504504504504504,25.504504504504503
https://www.dreamlab.id/produk/haircare/hair-mask/,5,25,0.2,9.32
https://dreamlab.id/ai-data-cara-brand-kosmetik-baru-menemukan-formula-viral/,4,135,0.02962962962962963,6.711111111111111
https://dreamlab.id/bisnis-perawatan-pria/,4,92,0.043478260869565216,12.021739130434783
https://dreamlab.id/cara-menentukan-harga-jual-produk-kosmetik/,4,656,0.006097560975609756,7.129573170731708
https://dreamlab.id/category/maklon-bodycare/,4,419,0.00954653937947494,11.195704057279237
https://dreamlab.id/jasa-maklon-sunscreen-terbaik/,4,276,0.014492753623188406,6.894927536231884
https://dreamlab.id/jenis-packaging-box-parfum/,4,221,0.01809954751131222,6.914027149321267
https://dreamlab.id/jenis-vitamin-c-whitening-terbaik/,4,199,0.020100502512562814,8.914572864321608
https://dreamlab.id/maklon-body-whitening-formula-juara/,4,169,0.023668639053254437,16.46153846153846
https://dreamlab.id/maklon-kosmetik-kediri/,4,147,0.027210884353741496,8.673469387755102
https://dreamlab.id/maklon-kosmetik-serum-exosome-pdrn-dreamlab/,4,104,0.038461538461538464,8.75
https://dreamlab.id/maklon-parfum-custom-dreamlab/,4,130,0.03076923076923077,6.7615384615384615
https://dreamlab.id/news-blog/,4,373,0.010723860589812333,16.589812332439678
https://dreamlab.id/parfum-balm-vs-parfum-oil/,4,430,0.009302325581395349,6.967441860465116
https://dreamlab.id/perbedaan-bpom-notifikasi-vs-izin-edar-kosmetik/,4,149,0.026845637583892617,8.046979865771812
https://dreamlab.id/produk/babycare/,4,108,0.037037037037037035,20.25925925925926
https://dreamlab.id/rebranding-produk-kosmetik/,4,200,0.02,6.725
https://www.dreamlab.id/maklon-hair-care/hair-mask/,4,10,0.4,3.9
https://dreamlab.id/atur-kosmetik-halal-dreamlab/,3,532,0.005639097744360902,9.75
https://dreamlab.id/cara-mulai-bisnis-skincare-dari-nol/,3,144,0.020833333333333332,21.375
https://dreamlab.id/lulur-vs-hb-dosting/,3,1247,0.0024057738572574178,5.3520449077786685
https://dreamlab.id/maklon-brand-kosmetik-sendiri-100pcs-pemula/,3,126,0.023809523809523808,24.11111111111111
https://dreamlab.id/maklon-hair-care-kesalahan-pemula-brand/,3,84,0.03571428571428571,12.357142857142858
https://dreamlab.id/our-client/,3,231,0.012987012987012988,14.96103896103896
https://dreamlab.id/pabrik-maklon-kosmetik-cpkb-grade-a/,3,144,0.020833333333333332,12.13888888888889
https://dreamlab.id/produk/bodycare/deodorant-spray/,3,17,0.17647058823529413,6.411764705882353
https://dreamlab.id/skincare-natural-bali-pasar-internasional/,3,166,0.018072289156626505,10.63855421686747
https://dreamlab.id/tren-brand-kosmetik-lokal-2025/,3,157,0.01910828025477707,10.980891719745223
https://dreamlab.id/tren-memulai-bisnis-skincare-2025/,3,270,0.011111111111111112,8.948148148148148
https://www.dreamlab.id/about-us/,3,186,0.016129032258064516,7.940860215053763
https://www.dreamlab.id/lulur-vs-hb-dosting/,3,413,0.007263922518159807,4.958837772397095
https://www.dreamlab.id/maklon-hair-treatment-salon-premium/,3,13,0.23076923076923078,4.076923076923077
https://www.dreamlab.id/pabrik-parfum-surabaya/,3,207,0.014492753623188406,9.48792270531401
https://www.dreamlab.id/produk/footcare/,3,57,0.05263157894736842,21.526315789473685
https://dreamlab.id/asa-maklon-antiperspirant-terpercaya/,2,58,0.034482758620689655,18.56896551724138
https://dreamlab.id/body-care/,2,233,0.008583690987124463,31.356223175965667
https://dreamlab.id/cara-buat-parfum-sendiri-dengan-maklon/,2,526,0.0038022813688212928,10.009505703422054
https://dreamlab.id/category/dreamlabpedia/,2,220,0.00909090909090909,12.4
https://dreamlab.id/foot-care-produk-peluang-bisnis-maklon-dreamlab/,2,119,0.01680672268907563,14.806722689075631
https://dreamlab.id/jasa-maklon-kosmetik/,2,64,0.03125,13.46875
https://dreamlab.id/kosmetik-olahraga/,2,36,0.05555555555555555,4.888888888888889
https://dreamlab.id/maklon-all-day-cream/,2,103,0.019417475728155338,22.728155339805824
https://dreamlab.id/maklon-body-lotion-dupe-highend/,2,21,0.09523809523809523,8.80952380952381
https://dreamlab.id/maklon-body-wash-berkualitas-dan-bersertifikat-bpom/,2,96,0.020833333333333332,11.09375
https://dreamlab.id/maklon-cream-anti-aging/,2,46,0.043478260869565216,27.82608695652174
https://dreamlab.id/maklon-kosmetik-bpom-bandar-lampung/,2,64,0.03125,7.453125
https://dreamlab.id/maklon-kosmetik-jayapura/,2,26,0.07692307692307693,4.6923076923076925
https://dreamlab.id/maklon-produk-man-care/,2,108,0.018518518518518517,17.694444444444443
https://dreamlab.id/pengganti-hydroquinone-flek-hitam-aman/,2,200,0.01,9.735
https://dreamlab.id/produk/babycare/baby-shampoo/,2,11,0.18181818181818182,7.818181818181818
https://dreamlab.id/produk/bodycare/deodorant/,2,14,0.14285714285714285,8.785714285714285
https://dreamlab.id/produk/decorative/lipcare/lip-serum/,2,8,0.25,5.875
https://dreamlab.id/produk/haircare/pomade/,2,13,0.15384615384615385,14.538461538461538
https://dreamlab.id/slug-maklon-kosmetik-indonesia-vs-china/,2,237,0.008438818565400843,9.459915611814345
https://www.dreamlab.id/cara-hitunghpp-produk-kosmeti/,2,58,0.034482758620689655,6.517241379310345
https://www.dreamlab.id/category/maklon-bodycare/,2,21,0.09523809523809523,10.571428571428571
https://www.dreamlab.id/jenis-alkohol-dalam-parfum/,2,188,0.010638297872340425,9.27127659574468
https://www.dreamlab.id/maklon-skincare-batam/,2,6,0.3333333333333333,6
https://www.dreamlab.id/produk/haircare/,2,55,0.03636363636363636,24.527272727272727
https://dreamlab.id/astaxanthin-mengapa-bahan-aktif-ini-sedang-naik-daun-di-industri-kosmetik/,1,711,0.0014064697609001407,9.832630098452883
https://dreamlab.id/author/admin/,1,112,0.008928571428571428,21.205357142857142
https://dreamlab.id/basic-skincare-pria-wajib/,1,400,0.0025,12.775
https://dreamlab.id/berapa-biaya-membuat-brand-serum/,1,9,0.1111111111111111,7.333333333333333
https://dreamlab.id/berapa-lama-membuat-brand-skincare-90-hari/,1,45,0.022222222222222223,6.4222222222222225
https://dreamlab.id/bisnis-parfum-merk-sendiri/,1,170,0.0058823529411764705,13.029411764705882
https://dreamlab.id/cara-buat-brand-dry-shampoo/,1,52,0.019230769230769232,6.25
https://dreamlab.id/cara-membuat-deodorant-balm-custom/,1,64,0.015625,6.96875
https://dreamlab.id/cara-membuat-toner-dari-cuka-apel/,1,69,0.014492753623188406,7.855072463768116
https://dreamlab.id/cara-personal-banding/,1,169,0.005917159763313609,8.414201183431953
https://dreamlab.id/category/maklon-personal-care/,1,45,0.022222222222222223,24.77777777777778
https://dreamlab.id/decorative/,1,208,0.004807692307692308,12.509615384615385
https://dreamlab.id/foot-care/,1,174,0.005747126436781609,12.85632183908046
https://dreamlab.id/hair-care/,1,255,0.00392156862745098,26.36078431372549
https://dreamlab.id/hair-treatment-ampoule-maklon-haircare-dreamlab/,1,52,0.019230769230769232,20.846153846153847
https://dreamlab.id/hair-vitamin-lokal-indonesia-viral-di-korea/,1,62,0.016129032258064516,7.951612903225806
https://dreamlab.id/inovasi-maklon-haircare-2026/,1,78,0.01282051282051282,13.192307692307692
https://dreamlab.id/jasa-maklon-kosmetik-bpom-panduan-lengkap/,1,107,0.009345794392523364,15.719626168224298
https://dreamlab.id/komunitas-beauty-genz/,1,21,0.047619047619047616,6.809523809523809
https://dreamlab.id/maklon-baby-care/,1,15,0.06666666666666667,25
https://dreamlab.id/maklon-facial-wash-gentle/,1,131,0.007633587786259542,8.702290076335878
https://dreamlab.id/maklon-hair-care/pomade/,1,2,0.5,30
https://dreamlab.id/maklon-jakarta-terbaik/,1,371,0.0026954177897574125,17.285714285714285
https://dreamlab.id/maklon-kosmetik-ibu-hamil/,1,94,0.010638297872340425,12.936170212765957
https://dreamlab.id/maklon-kosmetik-pemula-modal-kecil/,1,40,0.025,11.4
https://dreamlab.id/maklon-parfum/,1,18,0.05555555555555555,23.333333333333332
https://dreamlab.id/maklon-skincare-jakarta-brand-klinik-2026/,1,61,0.01639344262295082,24.737704918032787
https://dreamlab.id/maklon-skincare-surabaya-umkm/,1,49,0.02040816326530612,11.346938775510203
https://dreamlab.id/manfaat-hair-tonic-ginseng-rambut/,1,651,0.0015360983102918587,12.689708141321045
https://dreamlab.id/memilih-pabrik-maklon-kosmetik-sertifikasi-cpkb/,1,164,0.006097560975609756,12.920731707317072
https://dreamlab.id/pabrik-parfum-makasar/,1,101,0.009900990099009901,7.8316831683168315
https://dreamlab.id/pabrik-parfum/,1,37,0.02702702702702703,19.216216216216218
https://dreamlab.id/panduan-bisnis-produk-bayi/,1,48,0.020833333333333332,12.875
https://dreamlab.id/panduan-persentase-manfaat-niacinamide-skincare/,1,369,0.0027100271002710027,8.051490514905149
https://dreamlab.id/peluang-bisnis-skincare-irt/,1,24,0.041666666666666664,8.416666666666668
https://dreamlab.id/peluang-feminim-care-dalam-bisnis-pasar-yang-menjanjikan/,1,36,0.027777777777777776,8.972222222222221
https://dreamlab.id/produk-viral-tiktok/,1,111,0.009009009009009009,7.405405405405405
https://dreamlab.id/produk-whitening-branding-claim/,1,98,0.01020408163265306,8.83673469387755
https://dreamlab.id/produk/babycare/baby-2in1-wash/,1,18,0.05555555555555555,11.055555555555555
https://dreamlab.id/produk/bodycare/body-serum/,1,8,0.125,11.5
https://dreamlab.id/produk/bodycare/deodorant-balm/,1,3,0.3333333333333333,4
https://dreamlab.id/produk/bodycare/deodorant-roll-on/,1,18,0.05555555555555555,13.5
https://dreamlab.id/produk/bodycare/organic-soap/,1,18,0.05555555555555555,18.444444444444443
https://dreamlab.id/produk/footcare/foot-mask/,1,10,0.1,7.9
https://dreamlab.id/produk/footcare/foot-serum/,1,7,0.14285714285714285,8.857142857142858
https://dreamlab.id/produk/footcare/foot-soak/,1,2,0.5,2
https://dreamlab.id/produk/footcare/foot-spray/,1,7,0.14285714285714285,30.571428571428573
https://dreamlab.id/produk/parfum/minyak-atsiri/,1,33,0.030303030303030304,16.424242424242422
https://dreamlab.id/rahasia-kulit-glowing-devina-karamoy/,1,195,0.005128205128205128,10.097435897435897
https://dreamlab.id/rahasia-perawatan-rambut-keriting-tetap-sehat-lembut-dan-terdefinisi/,1,161,0.006211180124223602,7.701863354037267
https://dreamlab.id/reampreneur-beauty-academy-maklon-kosmetik/,1,34,0.029411764705882353,12.441176470588236
https://dreamlab.id/set-skincare-bpom/,1,69,0.014492753623188406,20.434782608695652
https://dreamlab.id/shop/,1,39,0.02564102564102564,6.410256410256411
https://dreamlab.id/skincare-face-care/,1,131,0.007633587786259542,20.358778625954198
https://dreamlab.id/strategi-brand-viral-tiktok/,1,410,0.0024390243902439024,6.753658536585366
https://dreamlab.id/strategi-tiktok-shop-campaign-gratis/,1,382,0.002617801047120419,8.520942408376964
https://www.dreamlab.id/about-us/alur-maklon/,1,14,0.07142857142857142,35
https://www.dreamlab.id/asa-maklon-antiperspirant-terpercaya/,1,3,0.3333333333333333,8.333333333333332
https://www.dreamlab.id/cara-menentukan-harga-jual-produk-kosmetik/,1,23,0.043478260869565216,9.217391304347826
https://www.dreamlab.id/career/,1,10,0.1,6
https://www.dreamlab.id/contact-medsos/,1,2,0.5,5
https://www.dreamlab.id/decorative/,1,61,0.01639344262295082,8.327868852459016
https://www.dreamlab.id/jasa-maklon-kosmetik-bandung/,1,8,0.125,20.625
https://www.dreamlab.id/jasa-maklon-lipstik-bpom-terpercaya/,1,33,0.030303030303030304,23.484848484848484
https://www.dreamlab.id/maklon-body-care/sabun-batang/,1,9,0.1111111111111111,13.88888888888889
https://www.dreamlab.id/maklon-body-care/soothing-gel/,1,1,1,1
https://www.dreamlab.id/maklon-bodymist/,1,31,0.03225806451612903,13.258064516129032
https://www.dreamlab.id/maklon-foot-care/,1,15,0.06666666666666667,35.666666666666664
https://www.dreamlab.id/maklon-hair-care/shampoo/,1,7,0.14285714285714285,19.428571428571427
https://www.dreamlab.id/maklon-jakarta-terbaik/,1,11,0.09090909090909091,9.545454545454545
https://www.dreamlab.id/maklon-parfum/minyak-atsiri/,1,4,0.25,8
https://www.dreamlab.id/maklon-pkrt/,1,6,0.16666666666666666,32.33333333333333
https://www.dreamlab.id/memilih-pabrik-maklon-kosmetik-sertifikasi-cpkb/,1,6,0.16666666666666666,31.833333333333332
https://www.dreamlab.id/news-blog/,1,40,0.025,11.725
https://www.dreamlab.id/our-client/,1,20,0.05,22.75
https://www.dreamlab.id/produk/babycare/baby-shampoo/,1,42,0.023809523809523808,48.285714285714285
https://www.dreamlab.id/produk/bodycare/body-serum/,1,13,0.07692307692307693,26
https://www.dreamlab.id/produk/bodycare/massage-oil/,1,3,0.3333333333333333,1.3333333333333333
https://www.dreamlab.id/produk/bodycare/whitening-soap/,1,9,0.1111111111111111,8.11111111111111
https://www.dreamlab.id/produk/decorative/lipcare/,1,4,0.25,5.5
https://www.dreamlab.id/produk/haircare/hair-serum/,1,59,0.01694915254237288,14.23728813559322
https://www.dreamlab.id/produk/haircare/scalp-care/,1,4,0.25,11
https://www.dreamlab.id/produk/haircare/shampoo/,1,33,0.030303030303030304,13.545454545454545
https://www.dreamlab.id/produk/parfum/,1,61,0.01639344262295082,39.032786885245905
https://www.dreamlab.id/produk/skincare/facial-serum/serum-gel/,1,4,0.25,10.5
https://www.dreamlab.id/strategi-brand-viral-tiktok/,1,5,0.2,15.6
https://www.dreamlab.id/tren-aroma-parfum-2026-terbaru/,1,29,0.034482758620689655,9.793103448275861
https://www.dreamlab.id/trend-body-care-2025-produk-viral-tiktok-shopee-dreamlab-maklon-kosmetik/,1,9,0.1111111111111111,10.444444444444445
https://dreamlab.id/about-us/alur-maklon/,0,115,0,31.104347826086958
https://dreamlab.id/affiliate-kol-brand-skincare/#Bagaimana_Mendapatkan_KOL_Gratis,0,31,0,11.483870967741936
https://dreamlab.id/affiliate-kol-brand-skincare/#Frequently_Asked_Questions_FAQ,0,28,0,11.535714285714286
https://dreamlab.id/affiliate-kol-brand-skincare/#Mana_yang_Lebih_Menguntungkan,0,28,0,11.535714285714286
https://dreamlab.id/affiliate-kol-brand-skincare/#Menggunakan_Affiliate_Jika%E2%80%A6,0,28,0,11.535714285714286
https://dreamlab.id/affiliate-kol-brand-skincare/#Menggunakan_KOL_Jika%E2%80%A6,0,28,0,11.535714285714286
https://dreamlab.id/affiliate-kol-brand-skincare/#Perbedaan_Mendasar_antara_Affiliate_dan_KOL,0,31,0,11.483870967741936
https://dreamlab.id/atur-kosmetik-halal-dreamlab/#Dasar_Hukum_Tenggat_Waktu,0,40,0,9
https://dreamlab.id/atur-kosmetik-halal-dreamlab/#Kenapa_Harus_Sertifikasi_Halal_Dampak_Manfaat_bagi_Brand,0,40,0,9
https://dreamlab.id/atur-kosmetik-halal-dreamlab/#Makeup_Produk_Dekoratif,0,40,0,9
https://dreamlab.id/atur-kosmetik-halal-dreamlab/#Produk_Perawatan_Rambut_Kulit_Kepala,0,40,0,9
https://dreamlab.id/atur-kosmetik-halal-dreamlab/#Produk_Tambahan_Penunjang,0,63,0,8.380952380952381
https://dreamlab.id/atur-kosmetik-halal-dreamlab/#Produk_yang_bisa_diproduksi_di_dreamlab_dengan_sertifikat_Halal,0,63,0,8.380952380952381
https://dreamlab.id/author/admin/page/2/,0,3,0,8
https://dreamlab.id/author/admin/page/5/,0,4,0,8.75
https://dreamlab.id/author/admin/page/7/,0,18,0,21.333333333333332
https://dreamlab.id/author/admin/page/9/,0,1,0,31
https://dreamlab.id/bahan-aktif-skincare-jerawat/,0,51,0,13.03921568627451
https://dreamlab.id/bahan-aktif-skincare-paling-dicari/,0,58,0,9.120689655172415
https://dreamlab.id/bangun-brand-skincare-lebih-strategis-dreamlab/,0,5,0,81.2
https://dreamlab.id/berapa-moq-maklon-skincare-di-dreamlab-ini-fakta-penting-untuk-pebisnis-pemula/#Cara_Menghitung_Biaya_Produksi_Berdasarkan_MOQ_Skincare,0,1,0,10
https://dreamlab.id/berapa-moq-maklon-skincare-di-dreamlab-ini-fakta-penting-untuk-pebisnis-pemula/#MOQ_Maklon_Skincare_di_Dreamlab_Ketentuan_dan_Kebijakan,0,1,0,10
https://dreamlab.id/berapa-moq-maklon-skincare-di-dreamlab-ini-fakta-penting-untuk-pebisnis-pemula/#Memahami_Konsep_MOQ_dalam_Industri_Skincare,0,1,0,10
https://dreamlab.id/berapa-moq-maklon-skincare-di-dreamlab-ini-fakta-penting-untuk-pebisnis-pemula/#Perbandingan_MOQ_Maklon_Skincare_Dreamlab_dengan_Penyedia_Lainnya,0,1,0,10
https://dreamlab.id/berapa-moq-maklon-skincare-di-dreamlab-ini-fakta-penting-untuk-pebisnis-pemula/#Profil_Dreamlab_sebagai_Penyedia_Jasa_Maklon_Skincare_Terpercaya,0,1,0,10
https://dreamlab.id/berapa-moq-maklon-skincare-di-dreamlab-ini-fakta-penting-untuk-pebisnis-pemula/#Studi_Kasus_Kesuksesan_Brand_Skincare_Pemula_dengan_MOQ_Dreamlab,0,1,0,10
https://dreamlab.id/berapa-moq-maklon-skincare-di-dreamlab-ini-fakta-penting-untuk-pebisnis-pemula/#Tips_Memilih_Paket_MOQ_yang_Tepat_untuk_Bisnis_Skincare_Pemula,0,1,0,10
https://dreamlab.id/biaya-maklon-parfum-moq-kecil/#Apa_Saja_Syarat_dan_Fasilitas_Free_BPOM_untuk_Produk_Parfum,0,16,0,8.625
https://dreamlab.id/biaya-maklon-parfum-moq-kecil/#Berapa_Estimasi_Biaya_Maklon_Parfum_di_Dreamlab,0,16,0,8.625
https://dreamlab.id/biaya-maklon-skincare/,0,13,0,14.23076923076923
https://dreamlab.id/biaya-membuat-brand-serum/,0,8,0,12.625
https://dreamlab.id/bisnis-kosmetik-dari-nol/,0,14,0,9.642857142857142
https://dreamlab.id/bisnis-skincare-glow-glasskin-cystamine/,0,7,0,8.857142857142858
https://dreamlab.id/cara-ampuh-memutihkan-ketiak/,0,671,0,22.894187779433683
https://dreamlab.id/cara-bangun-brand-deodoran-sendiri/,0,20,0,6.1
https://dreamlab.id/cara-branding-bisnis-kosmetik/,0,82,0,16.48780487804878
https://dreamlab.id/cara-buat-parfum-sendiri-dengan-maklon/#Anatomi_Parfum_Yang_Wajib_Kamu_Pahami,0,3,0,8.666666666666668
https://dreamlab.id/cara-buat-parfum-sendiri-dengan-maklon/#Cara_Memulai_Brand_Parfum_Bersama_Dreamlab,0,1,0,6
https://dreamlab.id/cara-buat-parfum-sendiri-dengan-maklon/#Konsentrasi_Parfum_Menentukan_Kekuatan_dan_Value_Produkmu,0,3,0,8.666666666666668
https://dreamlab.id/cara-hitunghpp-produk-kosmeti/#Contoh_Simulasi_HPP_Moisturizer_50ml_500_pcs,0,11,0,5.545454545454546
https://dreamlab.id/cara-hitunghpp-produk-kosmeti/#Komponen_HPP_Produk_Kosmetik,0,11,0,5.545454545454546
https://dreamlab.id/cara-hitunghpp-produk-kosmeti/#_Apa_Itu_HPP_dan_Mengapa_Penting,0,11,0,5.545454545454546
https://dreamlab.id/cara-membuat-hb-dosting-sendiri/#Kenapa_Bisnis_HB_Dosting_Sangat_Laris_di_Market,0,181,0,6.883977900552487
https://dreamlab.id/cara-membuat-hb-dosting-sendiri/#Langkah_Mudah_Membuat_Brand_HB_Dosting_Sendiri,0,181,0,6.883977900552487
https://dreamlab.id/cara-membuat-lulur-ampas-kopi/,0,232,0,10.060344827586206
https://dreamlab.id/cara-membuat-masker-wajah-organik/,0,87,0,8.448275862068964
https://dreamlab.id/cara-menghilangkan-ketombe/,0,4,0,34.5
https://dreamlab.id/cara-meracik-handbody-pemutih-alami/#Manfaat_Nyata_Kandungan_Alami_untuk_Kulit,0,71,0,8.450704225352112
https://dreamlab.id/cara-meracik-handbody-pemutih-alami/#Panduan_Cara_Meracik_Handbody_Pemutih_Kulit_DIY,0,71,0,8.450704225352112
https://dreamlab.id/category/bisnis-kosmetik/,0,108,0,23.12962962962963
https://dreamlab.id/category/bisnis-skincare/,0,31,0,22.903225806451612
https://dreamlab.id/category/dreamlabpedia/page/2/,0,7,0,26.285714285714285
https://dreamlab.id/category/dreampreneur-beauty-academy/,0,7,0,10.714285714285714
https://dreamlab.id/category/maklon-baby-care/,0,63,0,20.38095238095238
https://dreamlab.id/category/maklon-footcare/,0,70,0,30.214285714285715
https://dreamlab.id/category/maklon-haircare/,0,237,0,22.81856540084388
https://dreamlab.id/category/maklon-parfum/page/2/,0,5,0,16.6
https://dreamlab.id/category/maklon-skincare/,0,268,0,30.902985074626866
https://dreamlab.id/category/maklon-skincare/page/2/,0,2,0,6.5
https://dreamlab.id/category/personal-care/,0,2,0,60.5
https://dreamlab.id/category/tips-trick/,0,1,0,47
https://dreamlab.id/contact-medsos/,0,4,0,8
https://dreamlab.id/contoh-kalimat-iklan-kosmetik-unik/#Apa_yang_Membuat_Kalimat_Iklan_Kosmetik_Efektif,0,118,0,9.084745762711865
https://dreamlab.id/contoh-kalimat-iklan-kosmetik-unik/#Contoh_Kalimat_Iklan_Kosmetik,0,134,0,9.037313432835822
https://dreamlab.id/contoh-kalimat-iklan-kosmetik-unik/#Untuk_Iklan_Skincare_Fokus_pada_Solusi,0,96,0,9.072916666666666
https://dreamlab.id/cysteamine-alternatif-hydroquinone/#Cysteamine_sebagai_Alternatif_Aman_untuk_Mengatasi_Hiperpigmentasi,0,1,0,7
https://dreamlab.id/cysteamine-alternatif-hydroquinone/#Perbandingan_Efektivitas_Cysteamine_vs_Hydroquinone,0,1,0,7
https://dreamlab.id/dupe-parfum-nagita-slavina-tahan-lama/,0,51,0,6.901960784313726
https://dreamlab.id/e-floating-buttons/popup-website/,0,15,0,7.866666666666666
https://dreamlab.id/estimasi-biaya-maklon-kosmetik,0,7,0,15.857142857142858
https://dreamlab.id/estimasi-biaya-maklon-kosmetik/,0,21,0,11.761904761904763
https://dreamlab.id/flywheel-marketing-brand-skincare/,0,1,0,8
https://dreamlab.id/formulasi-witch-hazel/,0,3,0,3.3333333333333335
https://dreamlab.id/glycerin-bahan-skincare-yang-naik-daun-dan-cocok-untuk-semua-jenis-kulit/,0,210,0,27.595238095238095
https://dreamlab.id/google-ads/maklon-hair-care/,0,5,0,9.4
https://dreamlab.id/google-ads/maklon-kosmetik/,0,2,0,8.5
https://dreamlab.id/hair-care,0,24,0,20.25
https://dreamlab.id/hero-ingredients-2025/,0,26,0,11
https://dreamlab.id/https-dreamlab-id-dreamlab-visit-ici-2026/,0,64,0,16.390625
https://dreamlab.id/inspirasi-parfum-lokal-aroma-teh/,0,32,0,9.28125
https://dreamlab.id/jasa-maklon-kosmetik,0,9,0,10.11111111111111
https://dreamlab.id/jasa-maklon-parfum-bali-terbaik-terlengkap/#Apa_Saja_yang_Bisa_Anda_Custom_di_Dreamlab,0,190,0,8.994736842105263
https://dreamlab.id/jasa-maklon-parfum-bali-terbaik-terlengkap/#Miliki_Brand_Parfum_Eksklusif,0,240,0,8.883333333333333
https://dreamlab.id/jasa-maklon-parfum-bali-terbaik-terlengkap/#Miliki_brand_parfum_dengan_aroma_Custom,0,234,0,8.863247863247864
https://dreamlab.id/jasa-maklon-parfum-moq-rendah/#Bagaimana_Cara_Membuat_Parfum_Custom_dengan_Aroma_Eksklusif,0,45,0,8.644444444444446
https://dreamlab.id/jasa-maklon-parfum-moq-rendah/#Berapa_Minimal_Order_MOQ_Maklon_Parfum_di_Dreamlab,0,45,0,8.644444444444446
https://dreamlab.id/kosmetik-olahraga/#3_Produk_Kosmetik_Olahraga_Unggulan,0,1,0,4
https://dreamlab.id/kosmetik-olahraga/#Mengapa_Kosmetik_Olahraga_Menjadi_Tren_Baru,0,1,0,4
https://dreamlab.id/kosmetik-olahraga/#Peluang_Bisnis_Kosmetik_Sport-Friendly,0,1,0,4
https://dreamlab.id/kosmetik-olahraga/#Produk_Apa_Saja_yang_Bisa_Dibuat_di_Dreamlab,0,1,0,4
https://dreamlab.id/kuasai-pasar-skincare-2026-biotech/,0,12,0,9.416666666666666
https://dreamlab.id/lulur-vs-hb-dosting/#Apa_Itu_HB_Dosting,0,2,0,8.5
https://dreamlab.id/lulur-vs-hb-dosting/#Langkah-Langkah_Membuat_Body_Care_dengan_Merek_Sendiri,0,2,0,8.5
https://dreamlab.id/lulur-vs-hb-dosting/#Perbandingan_Lulur_vs_HB_Dosting,0,2,0,8.5
https://dreamlab.id/maklon-baby-care/baby-2in1-wash/,0,1,0,10
https://dreamlab.id/maklon-baby-care/baby-shampoo/,0,6,0,92.83333333333333
https://dreamlab.id/maklon-body-care/,0,30,0,31.166666666666668
https://dreamlab.id/maklon-body-care/body-butter/,0,4,0,7.75
https://dreamlab.id/maklon-body-care/body-serum/,0,4,0,19.5
https://dreamlab.id/maklon-body-care/massage-cream/,0,1,0,12
https://dreamlab.id/maklon-body-care/massage-oil/,0,1,0,7
https://dreamlab.id/maklon-body-care/sabun-organik/,0,8,0,8
https://dreamlab.id/maklon-body-care/sabun-transparan/,0,1,0,6
https://dreamlab.id/maklon-body-care/sabun-whitening/,0,9,0,18.333333333333332
https://dreamlab.id/maklon-body-care/shower-gel/,0,19,0,55.578947368421055
https://dreamlab.id/maklon-bodycare-ads/,0,1,0,13
https://dreamlab.id/maklon-bodymist/,0,74,0,13.945945945945946
https://dreamlab.id/maklon-decorative/lip-care/lip-blush/,0,6,0,10
https://dreamlab.id/maklon-decorative/lip-care/lip-cream/,0,1,0,3
https://dreamlab.id/maklon-decorative/lip-care/lip-gloss/,0,3,0,8
https://dreamlab.id/maklon-decorative/lip-care/lip-serum/,0,1,0,19
https://dreamlab.id/maklon-decorative/makeup/,0,2,0,42
https://dreamlab.id/maklon-decorative/makeup/bb-cream/,0,3,0,10
https://dreamlab.id/maklon-decorative/makeup/face-primer/,0,6,0,5.666666666666667
https://dreamlab.id/maklon-decorative/makeup/liquid-blush/,0,4,0,14
https://dreamlab.id/maklon-decorative/makeup/mascara/,0,2,0,8.5
https://dreamlab.id/maklon-face-mist/,0,5,0,6.8
https://dreamlab.id/maklon-foot-care/,0,2,0,19
https://dreamlab.id/maklon-foot-care/foot-cream/,0,2,0,49.5
https://dreamlab.id/maklon-foot-care/foot-scrub/,0,3,0,5.333333333333333
https://dreamlab.id/maklon-foot-care/foot-serum/,0,5,0,17.2
https://dreamlab.id/maklon-foot-care/foot-soak/,0,1,0,8
https://dreamlab.id/maklon-foot-care/foot-spray/,0,1,0,3
https://dreamlab.id/maklon-footcare-dreamlab/,0,41,0,12.268292682926829
https://dreamlab.id/maklon-hair-care/hair-conditioner/,0,10,0,19.6
https://dreamlab.id/maklon-hair-care/hair-gel/,0,3,0,14.666666666666666
https://dreamlab.id/maklon-hair-care/hair-mask/,0,6,0,42.5
https://dreamlab.id/maklon-hair-care/scalp-care/,0,1,0,92
https://dreamlab.id/maklon-hair-care/shampoo/,0,4,0,12.5
https://dreamlab.id/maklon-haircare/,0,11,0,8.454545454545453
https://dreamlab.id/maklon-hairmist/#Apa_Itu_Maklon_Hair_Mist_dan_Haircare,0,4,0,5
https://dreamlab.id/maklon-hairmist/#Berapa_Biaya_Maklon_Hair_Mist_dan_Haircare,0,3,0,8
https://dreamlab.id/maklon-hairmist/#Kenapa_Banyak_Brand_Memilih_Dreamlab,0,2,0,6
https://dreamlab.id/maklon-hairmist/#Layanan_Lengkap_Dreamlab_untuk_Kategori_Rambut,0,2,0,6
https://dreamlab.id/maklon-hairmist/#Proses_Maklon_Hair_Mist_dan_Haircare_di_Dreamlab,0,5,0,6.4
https://dreamlab.id/maklon-jakarta-terbaik/#Frequently_Asked_Questions_FAQ,0,1,0,4
https://dreamlab.id/maklon-jakarta-terbaik/#Kenapa_Harus_Produksi_Skincare_Kamu_di_Pabrik_CPKB,0,5,0,7.6
https://dreamlab.id/maklon-jakarta-terbaik/#Kenapa_Kamu_Harus_Memilih_Dreamlab_Sebagai_Maklon_Kamu,0,5,0,7.6
https://dreamlab.id/maklon-jakarta-terbaik/#Konsultasi_Mudah_di_Dreamlab,0,1,0,4
https://dreamlab.id/maklon-jakarta-terbaik/#Layanan_One-Stop_Service,0,1,0,4
https://dreamlab.id/maklon-kosmetik-jakarta-dreamlab-2026/,0,7,0,7.571428571428571
https://dreamlab.id/maklon-kosmetik-serum-exosome-pdrn-dreamlab/#1_Serum_Anti_Acne_Serum_Pengendali_Jerawat,0,1,0,6
https://dreamlab.id/maklon-kosmetik-serum-exosome-pdrn-dreamlab/#8_Exfoliating_Serum_Peremajaan_Kulit_Halus_dan_Cerah,0,1,0,6
https://dreamlab.id/maklon-kosmetik-serum-exosome-pdrn-dreamlab/#Jenis_Serum_Premium_yang_Bisa_Diproduksi_di_Dreamlab,0,1,0,6
https://dreamlab.id/maklon-kosmetik-tangerang-terpercaya/#Apa_Saja_yang_Dibuat_Brand_oleh_Dreamlab,0,9,0,11
https://dreamlab.id/maklon-kosmetik-tangerang-terpercaya/#Berapa_MOQ_di_Dreamlab,0,14,0,10.428571428571429
https://dreamlab.id/maklon-kosmetik-tangerang-terpercaya/#Pabrik_Dreamlab_Sudah_BPOM_Halal_dan_CPKB_Grade_A,0,16,0,10.4375
https://dreamlab.id/maklon-kosmetik-terbaik-bahasa/,0,2,0,13
https://dreamlab.id/maklon-kosmetik-terbaik-english/,0,11,0,52.81818181818182
https://dreamlab.id/maklon-moisturizer-bpom-dreamlab/,0,3,0,17.666666666666668
https://dreamlab.id/maklon-parfum-anak-custom-aroma/#Apa_Itu_Maklon_Parfum_Anak,0,4,0,4
https://dreamlab.id/maklon-parfum-anak-custom-aroma/#Jenis_Parfum_Baby_Cologne_yang_Bisa_Kamu_Buat,0,4,0,4
https://dreamlab.id/maklon-parfum-bpom-indonesia-strategi-bisnis/,0,24,0,8.083333333333332
https://dreamlab.id/maklon-parfum-jakarta/#Biaya_Maklon_Parfum_Mulai_Berapa,0,15,0,4.4
https://dreamlab.id/maklon-parfum-jakarta/#Jenis-Jenis_Parfum_yang_Bisa_Diproduksi_di_Dreamlab,0,15,0,4.4
https://dreamlab.id/maklon-parfum-jakarta/#Keunggulan_Pabrik_Parfum_Dreamlab_sebagai_Partner,0,4,0,3
https://dreamlab.id/maklon-parfum-makassar/#Kenapa_Makassar_Menjadi_Pasar_Potensial_untuk_Brand_Parfum_Lokal,0,41,0,7.2926829268292686
https://dreamlab.id/maklon-parfum-makassar/#Tempat_Produksi_Parfum_Premium_untuk_Brand_Lokal_Makassar,0,41,0,7.2926829268292686
https://dreamlab.id/maklon-parfum/body-mist/,0,3,0,9.333333333333334
https://dreamlab.id/maklon-shampoo-psoriasis-formula-juara/,0,8,0,9.5
https://dreamlab.id/maklon-skincare-surabaya-umkm/#Alur_Maklon_Skincare_di_Dreamlab_Cukup_Mudah,0,15,0,10.266666666666667
https://dreamlab.id/maklon-skincare-surabaya-umkm/#Mengapa_Sekarang_Waktunya_UMKM_Surabaya_Menjadi_Beautypreneur,0,11,0,10.818181818181818
https://dreamlab.id/maklon-skincare-surabaya-umkm/#Partner_UMKM_Surabaya_untuk_Bangun_Brand_Skincare_Berkelas,0,11,0,10.818181818181818
https://dreamlab.id/maklon-skincare-surabaya-umkm/#Produk_Skincare_yang_Paling_Mudah_Laku_untuk_UMKM_Surabaya,0,15,0,10.266666666666667
https://dreamlab.id/maklon-skincare/,0,3,0,9
https://dreamlab.id/maklon-skincare/cleansing-series/,0,21,0,40.76190476190476
https://dreamlab.id/maklon-skincare/facial-toner/,0,1,0,6
https://dreamlab.id/maklon-skincare/facial-wash/,0,6,0,7.666666666666667
https://dreamlab.id/maklon-skincare/masker-wajah/,0,14,0,11.857142857142858
https://dreamlab.id/maklon-skincare/sunscreen/,0,18,0,14.055555555555555
https://dreamlab.id/manfaat-panthenol-untuk-wajah-kering/,0,931,0,14.211600429645543
https://dreamlab.id/melembutkan-kulit-bersisik/,0,7,0,6.142857142857143
https://dreamlab.id/moq-maklon-kosmetik/,0,1,0,4
https://dreamlab.id/mudahnya-menjadi-owner-parfum-sendiri-ciptakan-brand-wewangian-eksklusif-tanpa-ribet/,0,93,0,12.731182795698924
https://dreamlab.id/news-blog/page/4/,0,15,0,8.133333333333333
https://dreamlab.id/omset-moisturizer-naik-tajam-dreamlab-bisnis-skincare/,0,13,0,6.923076923076923
https://dreamlab.id/optimasi-penjualan-tiktok-shop/,0,120,0,11.5
https://dreamlab.id/pabrik-kosmetik,0,10,0,16.4
https://dreamlab.id/pabrik-kosmetik/,0,12,0,17.416666666666668
https://dreamlab.id/pabrik-maklon-kosmetik-surabaya-terlengkap/#Konsultasi_Brand_Kosmetik_Tatap_Muka,0,141,0,10.567375886524824
https://dreamlab.id/pabrik-maklon-kosmetik-surabaya-terlengkap/#Mengapa_Kamu_Harus_Memulai_Bisnis_Skincare_Sekarang,0,141,0,10.567375886524824
https://dreamlab.id/pabrik-parfum,0,9,0,9
https://dreamlab.id/pabrik-shampoo-merek-sendiri/#Apa_Saja_yang_Bisa_Dibuat_di_Dreamlab,0,1,0,11
https://dreamlab.id/pabrik-shampoo-merek-sendiri/#Dreamlab_Partner_untuk_Brand_Haircare_Anda,0,1,0,11
https://dreamlab.id/pabrik-shampoo-merek-sendiri/#Kelebihan_Menggunakan_Jasa_Maklon_Shampoo_untuk_Merek_Sendiri,0,1,0,11
https://dreamlab.id/pabrik-shampoo-merek-sendiri/#Langkah-Langkah_Memulai_Produksi_di_Dreamlab,0,1,0,11
https://dreamlab.id/pabrik-skincare-maklon/,0,238,0,68.28151260504201
https://dreamlab.id/panduan/,0,3,0,34.333333333333336
https://dreamlab.id/panduan/cara-menentukan-moq-produk-kosmetik/,0,3,0,28.666666666666668
https://dreamlab.id/panduan/komponen-biaya-maklon-skincare/,0,1,0,50
https://dreamlab.id/parfum-inspired-peluang-bisnis/#1_Floral_Inspired,0,616,0,7.875
https://dreamlab.id/parfum-inspired-peluang-bisnis/#2_Gourmand_Inspired,0,661,0,7.877458396369137
https://dreamlab.id/parfum-inspired-peluang-bisnis/#3_Woody_Spicy_Inspired,0,616,0,7.875
https://dreamlab.id/parfum-inspired-peluang-bisnis/#4_Fresh_Aquatic_Inspired,0,616,0,7.875
https://dreamlab.id/parfum-inspired-peluang-bisnis/#5_Jenis_Parfum_Inspired_yang_Sedang_Tren,0,661,0,7.877458396369137
https://dreamlab.id/parfum-inspired-peluang-bisnis/#Mengapa_Parfum_Inspired_Menjadi_Tren,0,655,0,7.868702290076336
https://dreamlab.id/penyebab-ingrown-hair/,0,225,0,24.715555555555557
https://dreamlab.id/perbedaan-edp-edt/,0,1813,0,12.950358521787093
https://dreamlab.id/perbedaan-micellar-water-dan-toner/,0,176,0,25.943181818181817
https://dreamlab.id/perbedaan-moisturizer-gel-vs-cream/#Buat_produk_Moisturizer_dengan_Nama_Brandmu_Sendiri,0,185,0,7.772972972972973
https://dreamlab.id/perbedaan-moisturizer-gel-vs-cream/#Cara_Membuat_Brand_Moisturizer,0,170,0,7.711764705882353
https://dreamlab.id/perbedaan-moisturizer-gel-vs-cream/#Moisturizer_Cream_dan_Moisturizer_Gel,0,190,0,7.773684210526316
https://dreamlab.id/perbedaan-oem-vs-odm/,0,198,0,12.080808080808081
https://dreamlab.id/perbedaan-privatelabel-vsodm/,0,252,0,8.924603174603174
https://dreamlab.id/perusahaan-maklon-kosmetik/,0,22,0,7.454545454545454
https://dreamlab.id/potensi-bisnis-babycare/,0,28,0,7.821428571428571
https://dreamlab.id/privacy-policy/,0,15,0,5.733333333333333
https://dreamlab.id/private-label-kosmetik,0,2,0,7
https://dreamlab.id/private-label-kosmetik/,0,16,0,21
https://dreamlab.id/product-category/uncategorized/,0,1,0,11
https://dreamlab.id/produk-haircare-yang-sedang-tren/,0,32,0,6.59375
https://dreamlab.id/produk/babycare/baby-lotion/,0,8,0,8.5
https://dreamlab.id/produk/babycare/baby-powder/,0,4,0,5.75
https://dreamlab.id/produk/bodycare/,0,44,0,19.227272727272727
https://dreamlab.id/produk/bodycare/body-butter/,0,3,0,8
https://dreamlab.id/produk/bodycare/body-oil/,0,1,0,8
https://dreamlab.id/produk/bodycare/body-wash/,0,4,0,11.25
https://dreamlab.id/produk/bodycare/deodorant-dry-serum/,0,5,0,8
https://dreamlab.id/produk/decorative/,0,18,0,12.833333333333334
https://dreamlab.id/produk/decorative/cushion-foundation/,0,4,0,7.25
https://dreamlab.id/produk/decorative/lip-gloss/,0,7,0,29.714285714285715
https://dreamlab.id/produk/decorative/lipcare/lip-balm/,0,5,0,6.6
https://dreamlab.id/produk/decorative/lipcare/lip-blush/,0,1,0,6
https://dreamlab.id/produk/decorative/lipcare/lip-cream/,0,1,0,4
https://dreamlab.id/produk/decorative/lipcare/lip-gloss/,0,1,0,2
https://dreamlab.id/produk/decorative/lipcare/tinted-lip-balm/,0,1,0,8
https://dreamlab.id/produk/decorative/liquid-foundation/,0,5,0,6.2
https://dreamlab.id/produk/decorative/make-up/,0,6,0,7.833333333333333
https://dreamlab.id/produk/decorative/make-up/bb-cream/,0,1,0,11
https://dreamlab.id/produk/decorative/make-up/cream-blush/,0,2,0,9
https://dreamlab.id/produk/decorative/make-up/eyebrow-gel/,0,10,0,8.5
https://dreamlab.id/produk/decorative/make-up/foundation-serum/,0,1,0,6
https://dreamlab.id/produk/decorative/make-up/foundation/,0,20,0,9.3
https://dreamlab.id/produk/decorative/make-up/liquid-blush/,0,9,0,7.666666666666667
https://dreamlab.id/produk/decorative/make-up/liquid-highlighter/,0,9,0,4.333333333333334
https://dreamlab.id/produk/decorative/make-up/mascara/,0,10,0,5.6
https://dreamlab.id/produk/decorative/mascara/,0,1,0,3
https://dreamlab.id/produk/footcare/,0,7,0,48
https://dreamlab.id/produk/footcare/foot-anti-bacterial/,0,6,0,16.5
https://dreamlab.id/produk/footcare/foot-cream/,0,16,0,5.5
https://dreamlab.id/produk/footcare/foot-scrub/,0,4,0,14.25
https://dreamlab.id/produk/haircare/,0,21,0,37.714285714285715
https://dreamlab.id/produk/haircare/beard-serum/,0,3,0,43.666666666666664
https://dreamlab.id/produk/haircare/hair-conditioner/,0,3,0,8.333333333333332
https://dreamlab.id/produk/haircare/hair-gel/,0,13,0,43.15384615384615
https://dreamlab.id/produk/haircare/hair-mist/,0,6,0,9.666666666666666
https://dreamlab.id/produk/haircare/hair-serum/,0,8,0,6.75
https://dreamlab.id/produk/haircare/scalp-care/,0,2,0,12.5
https://dreamlab.id/produk/parfum/body-mist/,0,30,0,8.2
https://dreamlab.id/produk/parfum/eau-de-cologne/,0,14,0,24.428571428571427
https://dreamlab.id/produk/parfum/eau-de-parfum/,0,9,0,26.666666666666668
https://dreamlab.id/produk/parfum/eau-de-toilette/,0,10,0,6.9
https://dreamlab.id/produk/parfum/extrait-de-parfum/,0,19,0,7.842105263157895
https://dreamlab.id/produk/skincare/,0,78,0,14
https://dreamlab.id/produk/skincare/acne-cream/,0,2,0,4
https://dreamlab.id/produk/skincare/face-cream/,0,13,0,44.61538461538461
https://dreamlab.id/produk/skincare/face-cream/brightening-cream/,0,1,0,10
https://dreamlab.id/produk/skincare/face-mask/peel-off-mask/,0,1,0,9
https://dreamlab.id/produk/skincare/facial-moisturizer/,0,4,0,16.25
https://dreamlab.id/produk/skincare/facial-sunscreen/,0,22,0,2.590909090909091
https://dreamlab.id/produk/skincare/facial-toner/brightening-facial-toner/,0,5,0,15.2
https://dreamlab.id/produk/skincare/facial-wash/,0,2,0,7.5
https://dreamlab.id/produk/skincare/facial-wash/acne-facial-wash/,0,1,0,9
https://dreamlab.id/produk/skincare/facial-wash/moisturizing-facial-wash/,0,1,0,3
https://dreamlab.id/produk/skincare/micellar-cleansing-gel/,0,1,0,10
https://dreamlab.id/produk/skincare/moisturizing-cream/,0,3,0,15.333333333333334
https://dreamlab.id/rekomendasi-skincare-musim-hujan-agar-kulit-tetap-sehat-dan-lembap/,0,67,0,8.268656716417912
https://dreamlab.id/rekomendasi-sunscreen-lokal/#1_Glow_Sunscreen_%E2%80%93_AURAJUNE,0,30,0,10.733333333333333
https://dreamlab.id/rekomendasi-sunscreen-lokal/#4_Daily_Moisturizing_with_Sun_Protection_%E2%80%93_COOWN,0,33,0,10.757575757575758
https://dreamlab.id/rekomendasi-sunscreen-lokal/#5_Rekomendasi_Sunscreen_Terbaik_Lokal,0,35,0,10.771428571428572
https://dreamlab.id/rincian-biaya-produksi-serum-wajah/,0,7,0,5
https://dreamlab.id/rincian-biaya-produksi-serum/,0,1,0,7
https://dreamlab.id/solusi-bisnis-body-serum-aha-2025-tren-pasar-maklon-dreamlab/,0,19,0,9.31578947368421
https://dreamlab.id/state-of-beauty-2025-tren-kecantikan-pertumbuhan-industri-kosmetik-perubahan-pasar/#Keberlanjutan_dan_Etika_dalam_Industri_Kosmetik2025,0,5,0,6.6
https://dreamlab.id/state-of-beauty-2025-tren-kecantikan-pertumbuhan-industri-kosmetik-perubahan-pasar/#Panorama_Industri_Kecantikan_Global_2025,0,12,0,6.25
https://dreamlab.id/state-of-beauty-2025-tren-kecantikan-pertumbuhan-industri-kosmetik-perubahan-pasar/#Perkembangan_Industri_Kosmetik2025_di_Indonesia_dan_Asia_Tenggara,0,20,0,4.55
https://dreamlab.id/state-of-beauty-2025-tren-kecantikan-pertumbuhan-industri-kosmetik-perubahan-pasar/#Revolusi_Pasar_Skincare_Inovasi_Formulasi_dan_Bahan_Aktif,0,3,0,8.666666666666668
https://dreamlab.id/state-of-beauty-2025-tren-kecantikan-pertumbuhan-industri-kosmetik-perubahan-pasar/#Segmentasi_Konsumen_dan_Perubahan_Perilaku_Pembelian,0,3,0,8.666666666666668
https://dreamlab.id/state-of-beauty-2025-tren-kecantikan-pertumbuhan-industri-kosmetik-perubahan-pasar/#Transformasi_Digital_dalam_Industri_Kecantikan,0,3,0,8.666666666666668
https://dreamlab.id/state-of-beauty-2025-tren-kecantikan-pertumbuhan-industri-kosmetik-perubahan-pasar/#Tren_Kecantikan2025_yang_Akan_Mendominasi_Pasar_Global,0,11,0,3.727272727272727
https://dreamlab.id/sunscreen-spf-yang-cocok-untuk-kegiatan,0,3,0,7.333333333333333
https://dreamlab.id/sunscreen-spf-yang-cocok-untuk-kegiatan/,0,6,0,7.333333333333333
https://dreamlab.id/terms-of-service/,0,15,0,42.333333333333336
https://dreamlab.id/thankyou-page/,0,13,0,23.76923076923077
https://dreamlab.id/thankyou/google/,0,2,0,55
https://dreamlab.id/thankyoupage-google/,0,3,0,92.33333333333333
https://dreamlab.id/tips-membuat-hand-sanitizer-bisnis/,0,54,0,10.87037037037037
https://dreamlab.id/tips-membuat-konten-viral/,0,21,0,35.476190476190474
https://dreamlab.id/tren-aroma-parfum-2026-terbaru/#5_Tren_Aroma_Parfum_yang_Akan_Mendominasi_Market_2026,0,73,0,9.013698630136986
https://dreamlab.id/tren-aroma-parfum-2026-terbaru/#Wewangian_Fungsional_Wellness_Neuro-Scent,0,73,0,9.013698630136986
https://dreamlab.id/tren-sunscreen-2025-6-produk-yang-siap-jadi-bisnis/,0,182,0,6.0054945054945055
https://dreamlab.id/urutan-pabrik-skincare-terbaik-indonesia/#Berapa_MOQ_di_DREAMLAB,0,1099,0,8.199272065514105
https://dreamlab.id/urutan-pabrik-skincare-terbaik-indonesia/#Daftar_5_Pabrik_Skincare_di_Indonesia_Terbaik_Update_2026,0,1152,0,8.250868055555555
https://dreamlab.id/urutan-pabrik-skincare-terbaik-indonesia/#Mengapa_DREAMLAB_Menjadi_%E2%80%9CGame_Changer%E2%80%9D,0,844,0,8.415876777251185
https://dreamlab.id/urutan-pabrik-skincare-terbaik-indonesia/#Mengapa_PT_Karya_Impian_Laboratoris_DREAMLAB_Menjadi_Pilihan_Utama,0,805,0,8.363975155279503
https://www.dreamlab.id/8-tren-kecantikan-2026-smart-formula/,0,46,0,9.23913043478261
https://www.dreamlab.id/about-us,0,7,0,30.714285714285715
https://www.dreamlab.id/ads/maklon-parfum/,0,7,0,57.42857142857143
https://www.dreamlab.id/ads/thankyou/metaads/?source=meta-parfum,0,3,0,74
https://www.dreamlab.id/ai-data-cara-brand-kosmetik-baru-menemukan-formula-viral/,0,5,0,7.4
https://www.dreamlab.id/alat-pengencang-wajah/,0,2,0,6
https://www.dreamlab.id/astaxanthin-mengapa-bahan-aktif-ini-sedang-naik-daun-di-industri-kosmetik/,0,10,0,29
https://www.dreamlab.id/author/admin/page/5/,0,22,0,15.090909090909092
https://www.dreamlab.id/author/admin/page/8/,0,3,0,5.666666666666667
https://www.dreamlab.id/bangun-brand-skincare-lebih-strategis-dreamlab/,0,2,0,36
https://www.dreamlab.id/basic-skincare-pria-wajib/,0,1,0,9
https://www.dreamlab.id/biaya-maklon-parfum-moq-kecil/,0,12,0,15.25
https://www.dreamlab.id/bisnis-perawatan-pria/,0,1,0,39
https://www.dreamlab.id/cara-ampuh-memutihkan-ketiak/,0,1,0,9
https://www.dreamlab.id/cara-branding-bisnis-kosmetik/,0,4,0,5.25
https://www.dreamlab.id/cara-buat-brand-dry-shampoo/,0,10,0,13.6
https://www.dreamlab.id/cara-buat-parfum-sendiri-dengan-maklon/,0,11,0,8.363636363636363
https://www.dreamlab.id/cara-membuka-offline-store-kosmetik-2026/,0,7,0,8.142857142857142
https://www.dreamlab.id/cara-meracik-handbody-pemutih-alami/#Manfaat_Nyata_Kandungan_Alami_untuk_Kulit,0,149,0,8.496644295302014
https://www.dreamlab.id/cara-meracik-handbody-pemutih-alami/#Panduan_Cara_Meracik_Handbody_Pemutih_Kulit_DIY,0,149,0,8.496644295302014
https://www.dreamlab.id/cara-mulai-bisnis-skincare-dari-nol/,0,3,0,60.666666666666664
https://www.dreamlab.id/category/dreampreneur-beauty-academy/,0,3,0,7.333333333333333
https://www.dreamlab.id/category/maklon-baby-care/,0,10,0,46.3
https://www.dreamlab.id/category/maklon-parfum/,0,8,0,17.875
https://www.dreamlab.id/category/maklon-skincare/,0,14,0,43.5
https://www.dreamlab.id/contact-us,0,2,0,8
https://www.dreamlab.id/foot-care-produk-peluang-bisnis-maklon-dreamlab/,0,34,0,11.823529411764707
https://www.dreamlab.id/formulasi-witch-hazel/,0,23,0,20.956521739130434
https://www.dreamlab.id/inspirasi-parfum-lokal-aroma-teh/,0,1,0,10
https://www.dreamlab.id/jasa-maklon-bar-soap-merek-sendiri/,0,5,0,11.6
https://www.dreamlab.id/jasa-maklon-parfum-bali-terbaik-terlengkap/,0,2,0,56
https://www.dreamlab.id/jasa-maklon-parfum-moq-rendah/,0,28,0,16.535714285714285
https://www.dreamlab.id/jasa-maklon-sunscreen-terbaik/,0,6,0,12
https://www.dreamlab.id/jenis-packaging-box-parfum/,0,1,0,1
https://www.dreamlab.id/jenis-vitamin-c-whitening-terbaik/,0,1,0,20
https://www.dreamlab.id/kuasai-pasar-skincare-2026-biotech/,0,1,0,1
https://www.dreamlab.id/maklon-baby-care/baby-2in1-wash/,0,28,0,6.5
https://www.dreamlab.id/maklon-baby-care/baby-cologne/,0,1,0,6
https://www.dreamlab.id/maklon-baby-care/baby-moisturizer/,0,2,0,16.5
https://www.dreamlab.id/maklon-baby-care/baby-shampoo/,0,6,0,29.833333333333332
https://www.dreamlab.id/maklon-body-care/body-butter/,0,2,0,11
https://www.dreamlab.id/maklon-body-care/body-scrub/,0,6,0,18.666666666666668
https://www.dreamlab.id/maklon-body-care/body-serum/,0,4,0,7.25
https://www.dreamlab.id/maklon-body-care/sabun-antibakteri/,0,4,0,6
https://www.dreamlab.id/maklon-body-care/sabun-organik/,0,3,0,12.333333333333334
https://www.dreamlab.id/maklon-body-care/sabun-whitening/,0,2,0,52
https://www.dreamlab.id/maklon-body-care/shower-gel/,0,2,0,7.5
https://www.dreamlab.id/maklon-body-wash-berkualitas-dan-bersertifikat-bpom/,0,8,0,11.5
https://www.dreamlab.id/maklon-brand-kosmetik-sendiri-100pcs-pemula/,0,2,0,33
https://www.dreamlab.id/maklon-decorative/,0,5,0,83.6
https://www.dreamlab.id/maklon-decorative/lip-care/,0,4,0,49.75
https://www.dreamlab.id/maklon-decorative/lip-care/lip-balm/,0,4,0,29.5
https://www.dreamlab.id/maklon-decorative/lip-care/lip-gloss/,0,2,0,3
https://www.dreamlab.id/maklon-decorative/lip-care/lip-matte/,0,3,0,90.33333333333333
https://www.dreamlab.id/maklon-decorative/lip-care/lip-serum/,0,2,0,3.5
https://www.dreamlab.id/maklon-decorative/lip-care/tinted-lip-balm/,0,2,0,55.5
https://www.dreamlab.id/maklon-decorative/makeup/,0,10,0,12.1
https://www.dreamlab.id/maklon-decorative/makeup/cream-blush/,0,1,0,10
https://www.dreamlab.id/maklon-decorative/makeup/eyebrow-gel/,0,1,0,30
https://www.dreamlab.id/maklon-decorative/makeup/highlighter/,0,1,0,12
https://www.dreamlab.id/maklon-decorative/makeup/liquid-blush/,0,1,0,11
https://www.dreamlab.id/maklon-decorative/makeup/mascara/,0,5,0,4.4
https://www.dreamlab.id/maklon-face-mist/,0,9,0,11.333333333333334
https://www.dreamlab.id/maklon-foot-care/foot-serum/,0,1,0,7
https://www.dreamlab.id/maklon-footcare-dreamlab/,0,10,0,41.3
https://www.dreamlab.id/maklon-hair-care/beard-serum/,0,1,0,93
https://www.dreamlab.id/maklon-hair-care/hair-conditioner/,0,1,0,13
https://www.dreamlab.id/maklon-hair-care/hair-gel/,0,4,0,19.5
https://www.dreamlab.id/maklon-hair-care/hair-tonic/,0,6,0,7.5
https://www.dreamlab.id/maklon-hair-care/pomade/,0,1,0,33
https://www.dreamlab.id/maklon-hair-care/scalp-care/,0,2,0,53
https://www.dreamlab.id/maklon-kosmetik-kediri/,0,10,0,7.6
https://www.dreamlab.id/maklon-kosmetik-skincare-medan-dreamlab/,0,32,0,16.53125
https://www.dreamlab.id/maklon-kosmetik-tangerang-terpercaya/,0,4,0,12.5
https://www.dreamlab.id/maklon-parfum-custom-dreamlab/,0,6,0,9.833333333333334
https://www.dreamlab.id/maklon-parfum-dreamlab/,0,4,0,35.5
https://www.dreamlab.id/maklon-parfum-makassar/,0,5,0,7.8
https://www.dreamlab.id/maklon-parfum/body-mist/,0,4,0,14.5
https://www.dreamlab.id/maklon-parfum/eau-de-cologne/,0,1,0,10
https://www.dreamlab.id/maklon-parfum/eau-de-parfum/,0,13,0,7.076923076923077
https://www.dreamlab.id/maklon-parfum/extrait-de-parfum/,0,2,0,8
https://www.dreamlab.id/maklon-skincare/cleansing-series/,0,1,0,70
https://www.dreamlab.id/maklon-skincare/day-night-cream/,0,5,0,7.4
https://www.dreamlab.id/maklon-skincare/facial-wash/,0,1,0,27
https://www.dreamlab.id/maklon-skincare/masker-wajah/,0,14,0,10.142857142857142
https://www.dreamlab.id/maklon-skincare/serum-wajah/,0,3,0,13.333333333333334
https://www.dreamlab.id/manfaat-hair-tonic-ginseng-rambut,0,1,0,7
https://www.dreamlab.id/manfaat-hair-tonic-ginseng-rambut/,0,3,0,31.666666666666668
https://www.dreamlab.id/manfaat-panthenol-untuk-wajah-kering/,0,10,0,10.4
https://www.dreamlab.id/mudahnya-menjadi-owner-parfum-sendiri-ciptakan-brand-wewangian-eksklusif-tanpa-ribet/,0,3,0,5.333333333333333
https://www.dreamlab.id/news-blog,0,2,0,44.5
https://www.dreamlab.id/news-blog/page/18/,0,1,0,7
https://www.dreamlab.id/news-blog/page/2/,0,13,0,6.3076923076923075
https://www.dreamlab.id/omset-moisturizer-naik-tajam-dreamlab-bisnis-skincare/,0,10,0,7.7
https://www.dreamlab.id/optimasi-penjualan-tiktok-shop/,0,2,0,15.5
https://www.dreamlab.id/pabrik-maklon-kosmetik-cpkb-grade-a/,0,3,0,6.666666666666667
https://www.dreamlab.id/pabrik-maklon-kosmetik-sidoarjo-dreamlab/,0,12,0,10.666666666666666
https://www.dreamlab.id/pabrik-maklon-kosmetik-surabaya-terlengkap/,0,14,0,10.285714285714286
https://www.dreamlab.id/pabrik-maklon-kosmetik-surabaya-terlengkap/#Konsultasi_Brand_Kosmetik_Tatap_Muka,0,2,0,11
https://www.dreamlab.id/pabrik-maklon-kosmetik-surabaya-terlengkap/#Mengapa_Kamu_Harus_Memulai_Bisnis_Skincare_Sekarang,0,2,0,11
https://www.dreamlab.id/pabrik-parfum-jakarta/,0,19,0,20.31578947368421
https://www.dreamlab.id/pabrik-parfum-malang-dreamlab/,0,41,0,8.365853658536587
https://www.dreamlab.id/pabrik-shampoo-merek-sendiri/,0,4,0,32
https://www.dreamlab.id/pabrik-skincare-maklon/,0,1,0,1
https://www.dreamlab.id/panduan-maklon-deodorant-bpom/,0,19,0,13.105263157894736
https://www.dreamlab.id/panduan-persentase-manfaat-niacinamide-skincare/,0,17,0,6.882352941176471
https://www.dreamlab.id/parfum-balm-vs-parfum-oil/,0,12,0,8
https://www.dreamlab.id/parfum-pheromone-bisnis-parfum/,0,28,0,6.5
https://www.dreamlab.id/parfum/,0,7,0,51.57142857142857
https://www.dreamlab.id/peluang-bisnis-skincare-irt/,0,4,0,44.75
https://www.dreamlab.id/penyebab-ingrown-hair/,0,16,0,33.75
https://www.dreamlab.id/perbedaan-edp-edt/,0,1,0,48
https://www.dreamlab.id/perbedaan-oem-vs-odm/,0,4,0,10.75
https://www.dreamlab.id/pkrt/,0,10,0,15.6
https://www.dreamlab.id/privacy-policy/,0,17,0,18.470588235294116
https://www.dreamlab.id/produk-haircare-yang-sedang-tren/,0,5,0,15.2
https://www.dreamlab.id/produk/babycare/baby-2in1-wash/,0,58,0,26
https://www.dreamlab.id/produk/babycare/baby-cologne/,0,41,0,68.29268292682927
https://www.dreamlab.id/produk/babycare/baby-lotion/,0,82,0,31.5
https://www.dreamlab.id/produk/babycare/baby-oil/,0,36,0,50.166666666666664
https://www.dreamlab.id/produk/babycare/baby-powder/,0,27,0,57.925925925925924
https://www.dreamlab.id/produk/bodycare/,0,105,0,25.076190476190476
https://www.dreamlab.id/produk/bodycare/anti-bacterial-soap/,0,1,0,7
https://www.dreamlab.id/produk/bodycare/bar-soap/,0,8,0,22.25
https://www.dreamlab.id/produk/bodycare/bath-salt/,0,4,0,49
https://www.dreamlab.id/produk/bodycare/body-butter/,0,21,0,19.047619047619047
https://www.dreamlab.id/produk/bodycare/body-lotion/,0,31,0,19.06451612903226
https://www.dreamlab.id/produk/bodycare/body-oil/,0,1,0,8
https://www.dreamlab.id/produk/bodycare/body-scrub/,0,29,0,18.448275862068964
https://www.dreamlab.id/produk/bodycare/body-wash/,0,10,0,38
https://www.dreamlab.id/produk/bodycare/massage-cream/,0,2,0,8
https://www.dreamlab.id/produk/bodycare/neck-cream/,0,1,0,1
https://www.dreamlab.id/produk/bodycare/organic-soap/,0,20,0,24.8
https://www.dreamlab.id/produk/bodycare/shower-gel/,0,7,0,28.571428571428573
https://www.dreamlab.id/produk/bodycare/soothing-gel/,0,1,0,14
https://www.dreamlab.id/produk/bodycare/transparent-soap/,0,5,0,6.8
https://www.dreamlab.id/produk/bodycare/underarm-cream/,0,1,0,38
https://www.dreamlab.id/produk/decorative/,0,68,0,15.691176470588236
https://www.dreamlab.id/produk/decorative/cushion-foundation/,0,2,0,8
https://www.dreamlab.id/produk/decorative/lip-gloss/,0,4,0,42
https://www.dreamlab.id/produk/decorative/lipcare/lip-balm/,0,5,0,41.4
https://www.dreamlab.id/produk/decorative/lipcare/lip-blush/,0,3,0,17.666666666666668
https://www.dreamlab.id/produk/decorative/lipcare/lip-cream/,0,9,0,21.666666666666668
https://www.dreamlab.id/produk/decorative/lipcare/lip-gloss/,0,5,0,6.8
https://www.dreamlab.id/produk/decorative/lipcare/lip-matte/,0,11,0,21.90909090909091
https://www.dreamlab.id/produk/decorative/lipcare/lip-scrub/,0,4,0,6.75
https://www.dreamlab.id/produk/decorative/lipcare/lip-serum/,0,13,0,25.53846153846154
https://www.dreamlab.id/produk/decorative/lipcare/tinted-lip-balm/,0,4,0,14
https://www.dreamlab.id/produk/decorative/liquid-foundation/,0,5,0,8.8
https://www.dreamlab.id/produk/decorative/make-up/,0,12,0,30.166666666666668
https://www.dreamlab.id/produk/decorative/make-up/bb-cream/,0,6,0,7.666666666666667
https://www.dreamlab.id/produk/decorative/make-up/cream-blush/,0,1,0,11
https://www.dreamlab.id/produk/decorative/make-up/eyebrow-gel/,0,4,0,8
https://www.dreamlab.id/produk/decorative/make-up/face-primer/,0,7,0,14.857142857142858
https://www.dreamlab.id/produk/decorative/make-up/foundation-serum/,0,1,0,14
https://www.dreamlab.id/produk/decorative/make-up/foundation/,0,1,0,80
https://www.dreamlab.id/produk/decorative/make-up/liquid-blush/,0,2,0,16.5
https://www.dreamlab.id/produk/decorative/make-up/liquid-highlighter/,0,7,0,6.142857142857143
https://www.dreamlab.id/produk/decorative/make-up/mascara/,0,1,0,8
https://www.dreamlab.id/produk/haircare/beard-serum/,0,1,0,73
https://www.dreamlab.id/produk/haircare/hair-conditioner/,0,8,0,19.625
https://www.dreamlab.id/produk/haircare/hair-gel/,0,7,0,6.857142857142857
https://www.dreamlab.id/produk/haircare/hair-mist/,0,3,0,74
https://www.dreamlab.id/produk/haircare/hair-tonic/,0,15,0,15.266666666666667
https://www.dreamlab.id/produk/haircare/pomade/,0,15,0,22.533333333333335
https://www.dreamlab.id/produk/parfum/body-mist/,0,1,0,11
https://www.dreamlab.id/produk/parfum/eau-de-cologne/,0,2,0,72.5
https://www.dreamlab.id/produk/parfum/eau-de-parfum/,0,2,0,64.5
https://www.dreamlab.id/produk/parfum/eau-de-toilette/,0,2,0,46
https://www.dreamlab.id/produk/parfum/extrait-de-parfum/,0,1,0,2
https://www.dreamlab.id/produk/parfum/minyak-atsiri/,0,5,0,23
https://www.dreamlab.id/produk/pkrt/,0,12,0,50.5
https://www.dreamlab.id/produk/pkrt/bar-soap-pkrt/,0,4,0,5.5
https://www.dreamlab.id/produk/pkrt/floor-cleaner/,0,1,0,9
https://www.dreamlab.id/produk/pkrt/hand-sanitizer/,0,1,0,7
https://www.dreamlab.id/produk/pkrt/hand-wash/,0,2,0,7
https://www.dreamlab.id/produk/pkrt/room-spray/,0,2,0,3
https://www.dreamlab.id/produk/skincare/,0,130,0,31.915384615384614
https://www.dreamlab.id/produk/skincare/cleansing/,0,72,0,13.583333333333334
https://www.dreamlab.id/produk/skincare/cleansing/cleansing-balm/,0,19,0,21.157894736842106
https://www.dreamlab.id/produk/skincare/cleansing/micellar-cleansing-gel/,0,1,0,12
https://www.dreamlab.id/produk/skincare/cleansing/milk-cleanser/,0,2,0,3
https://www.dreamlab.id/produk/skincare/face-cream/,0,30,0,24.4
https://www.dreamlab.id/produk/skincare/face-cream/brightening-cream/,0,5,0,58
https://www.dreamlab.id/produk/skincare/face-cream/eye-cream/,0,40,0,13.975
https://www.dreamlab.id/produk/skincare/face-cream/moisturizing-cream/,0,14,0,30
https://www.dreamlab.id/produk/skincare/face-mask/wash-off-mask/,0,1,0,58
https://www.dreamlab.id/produk/skincare/facial-toner/,0,75,0,23.266666666666666
https://www.dreamlab.id/produk/skincare/facial-wash/,0,5,0,7.4
https://www.dreamlab.id/produk/skincare/micellar-cleansing-gel/,0,8,0,8.25
https://www.dreamlab.id/produk/skincare/sunscreen/,0,49,0,1.9591836734693877
https://www.dreamlab.id/rahasia-kulit-glowing-devina-karamoy/,0,4,0,6.25
https://www.dreamlab.id/rahasia-perawatan-rambut-keriting-tetap-sehat-lembut-dan-terdefinisi/,0,3,0,12
https://www.dreamlab.id/reampreneur-beauty-academy-maklon-kosmetik/,0,5,0,9.2
https://www.dreamlab.id/services/,0,38,0,7.921052631578948
https://www.dreamlab.id/solusi-bisnis-body-serum-aha-2025-tren-pasar-maklon-dreamlab/,0,4,0,8
https://www.dreamlab.id/terms-of-service/,0,20,0,29.05