query,clicks_before,impressions_before,position_before,clicks_after,impressions_after,position_after,impression_change,click_change
cara membuat handbody racikan sendiri agar cepat putih,0,214,9.397196261682243,1,167,7.712574850299402,-47,1
racikan handbody pemutih,0,96,8.979166666666668,0,55,8.236363636363636,-41,0
cara membuat handbody racikan dosis tinggi,0,84,9,0,44,8.477272727272727,-40,0
parfum inspired adalah,0,41,5.902439024390244,0,16,6.3125,-25,0
hb racikan sendiri,0,59,9.542372881355933,0,40,10.05,-19,0
maklon parfum surabaya,0,59,9.898305084745763,2,40,10.9,-19,2
cara meracik hb dosting sendiri,0,33,6.303030303030303,0,15,6.933333333333334,-18,0
pabrik kosmetik surabaya,0,45,12.311111111111112,0,28,15.892857142857142,-17,0
pabrik skincare,0,54,23.333333333333332,0,39,16.41025641025641,-15,0
maklon skincare terbaik,1,43,9.906976744186046,1,30,3.3333333333333335,-13,0
apa itu parfum inspired,0,15,7.8,0,3,9.333333333333334,-12,0
perbedaan hb dosting dan hb bpom,0,13,8.692307692307693,0,1,8,-12,0
cara membuat hb dosting,0,38,4.868421052631579,1,27,5.111111111111111,-11,1
maklon kosmetik jawa timur,0,20,4.8,0,9,3.6666666666666665,-11,0
maklon skincare bandung,0,27,14.592592592592593,0,16,9.625,-11,0
maklon skincare,1,38,29.92105263157895,0,28,34.17857142857143,-10,-1
cara meracik handbody pemutih yang aman,0,19,7.631578947368421,0,9,7.777777777777778,-10,0
bahan bahan racikan hb dosting,0,9,6.777777777777778,0,0,0,-9,0
hb dosting racikan sendiri,0,13,7.923076923076923,0,4,7.5,-9,0
alat pengencang wajah terbaik,0,10,8.3,0,2,4,-8,0
cara membuat hb racikan pemutih aman,0,13,8.461538461538462,0,5,8.4,-8,0
pabrik kosmetik surabaya timur,0,9,16,0,1,10,-8,0
cara bikin racikan handbody pemutih,0,14,8.428571428571429,0,7,7.428571428571429,-7,0
cara buat hb dosting sendiri,0,26,4.5,0,19,5.578947368421052,-7,0
cara meracik handbody pemutih,0,9,6.888888888888889,0,2,6,-7,0
handbody racikan sendiri,0,20,7.85,0,13,7.230769230769231,-7,0
hb dosting adalah,0,31,4.161290322580645,0,24,4.25,-7,0
perbedaan edt dan edp,0,13,14.23076923076923,0,6,12.166666666666666,-7,0
resep racikan handbody pemutih kulit,0,23,6,0,16,6.75,-7,0
maklon lip serum,2,6,4.166666666666666,0,0,0,-6,-2
hb dosting artinya,0,9,9.222222222222221,0,3,8,-6,0
inspired parfum adalah,0,29,8.448275862068964,0,23,6.695652173913044,-6,0
meracik hb dosting,0,6,8,0,0,0,-6,0
maklon parfum,1,32,38.53125,0,27,35.44444444444444,-5,-1
apakah alkohol medis bisa untuk parfum,0,8,8.625,0,3,10.333333333333334,-5,0
bahan skincare apa yang cocok digunakan di cuaca lembap?,0,6,9.166666666666666,0,1,11,-5,0
buat parfum sendiri berhasil,0,5,9.6,0,0,0,-5,0
cara buat hb dosting,0,8,4.375,0,3,4,-5,0
cara meracik handbody,0,13,8.461538461538462,0,8,8,-5,0
cara meracik hb agar cepat putih,0,17,9.529411764705882,0,12,8.916666666666668,-5,0
pabrik skincare terbesar di indonesia,0,9,7.555555555555555,0,4,6.75,-5,0
perusahaan kosmetik terbesar di indonesia,0,7,13,0,2,10.5,-5,0
racikan body care,0,5,7.4,0,0,0,-5,0
resep hb racikan pemutih,0,5,6.4,0,0,0,-5,0
ya,0,5,3.4,0,0,0,-5,0
pt karya impian laboratoris,1,42,22.952380952380953,1,38,25.18421052631579,-4,0
3 basic skincare pria,0,4,8.75,0,0,0,-4,0
apakah astaxanthin bisa menghilangkan flek hitam,0,7,9.714285714285714,0,3,11,-4,0
bahan meracik handbody pemutih,0,6,7.166666666666667,0,2,8,-4,0
bahan racikan,0,9,8.666666666666668,0,5,8.4,-4,0
cara membuat handbody racikan putih permanen,0,44,8.795454545454547,0,40,8.45,-4,0
cara membuat hb racikan,0,8,11,0,4,10,-4,0
data pertumbuhan industri kosmetik di indonesia 2025,0,6,4.166666666666666,0,2,5,-4,0
edt edp,0,5,13.6,0,1,12,-4,0
hero ingredients artinya,0,5,11.2,0,1,12,-4,0
lip blush halal,0,4,10.75,0,0,0,-4,0
maklon bodycare,0,7,13.571428571428571,0,3,8.666666666666668,-4,0
maklon kosmetik bandung,0,14,12.714285714285714,0,10,17,-4,0
maklon lipstik,0,15,9.6,0,11,9.636363636363637,-4,0
maklon parfum terbaik di indonesia,0,4,5.5,0,0,0,-4,0
maklon sabun baby,0,9,9.11111111111111,0,5,11.6,-4,0
pabrik skincare di indonesia,0,5,11,0,1,8,-4,0
parfum merek sendiri,0,5,58,0,1,20,-4,0
perbedaan edp edt,0,13,11.461538461538462,0,9,9.555555555555555,-4,0
pt skincare di indonesia,0,6,11.333333333333334,0,2,12,-4,0
racikan handbody pemutih paling ampuh,0,4,10.75,0,0,0,-4,0
maklon kosmetik,1,27,16.185185185185183,0,24,19.625,-3,-1
maklon parfum jawa timur,1,3,6.333333333333333,0,0,0,-3,-1
maklon pkrt,1,9,8.222222222222221,1,6,7.166666666666667,-3,0
alkohol yang bagus untuk campuran parfum,0,3,1,0,0,0,-3,0
bahan bahan hb dosting,0,8,7.375,0,5,9.4,-3,0
bahan hb dosting,0,9,9.88888888888889,0,6,9.833333333333334,-3,0
bahan racikan handbody pemutih yang aman,0,5,10.4,0,2,8.5,-3,0
bisnis parfum brand sendiri,0,3,42.666666666666664,0,0,0,-3,0
brand hb,0,3,6.333333333333333,0,0,0,-3,0
cara bikin hb racikan pemutih badan,0,7,8,0,4,7.5,-3,0
cara memutihkan ketiak,0,5,41.8,0,2,45,-3,0
cara tambah keranjang di instagram,0,3,10,0,0,0,-3,0
contoh iklan produk kecantikan,0,4,6,0,1,7,-3,0
dosting label,0,3,6.666666666666667,0,0,0,-3,0
gel moisturizer untuk apa,0,3,11.666666666666666,0,0,0,-3,0
iklan untuk produk kosmetik,0,7,9.428571428571429,0,4,7.75,-3,0
intimate moisturizing gel,0,3,3,0,0,0,-3,0
jasa maklon,0,3,4.666666666666666,0,0,0,-3,0
kemasan feet bottle,0,3,3.6666666666666665,0,0,0,-3,0
konlabos,0,3,60.666666666666664,0,0,0,-3,0
maklon essential oil,0,6,8,0,3,9,-3,0
maklon parfum adalah,0,17,10.176470588235293,0,14,9,-3,0
maklon parfum bpom,0,7,45.285714285714285,0,4,47.25,-3,0
maklon parfum jakarta,0,4,13.5,1,1,3,-3,1
maklon parfum sidoarjo,0,3,5.333333333333333,0,0,0,-3,0
maklon sabun batang,0,3,30.333333333333332,0,0,0,-3,0
maklon serum rambut,0,3,5.333333333333333,0,0,0,-3,0
maklon skincare sidoarjo,0,11,35.72727272727273,0,8,41.125,-3,0
markloan,0,3,36.333333333333336,0,0,0,-3,0
pabrik kosmetik di surabaya,0,4,7.25,0,1,12,-3,0
pabrik kosmetik tangerang,0,4,30.25,0,1,30,-3,0
parfum alkohol,0,3,34,0,0,0,-3,0
perbedaan edp dan edt,0,4,18.5,0,1,20,-3,0
perusahaan maklon kosmetik,0,5,41.8,0,2,45,-3,0
perusahaan maklon terbesar di indonesia,0,7,7.428571428571429,0,4,7.5,-3,0
produk inspired adalah,0,5,4.6,0,2,5.5,-3,0
racikan buat kulit putih,0,3,9.333333333333334,0,0,0,-3,0
racikan untuk memutihkan badan,0,4,9.25,0,1,9,-3,0
resep hb racikan dosting,0,5,8.8,0,2,9.5,-3,0
resep racikan handbody,0,5,6.6,0,2,7.5,-3,0
"saya ingin mencoba produk baru untuk perawatan tubuh, merek apa yang terkenal saat ini?. my location is indonesia.",0,3,11,0,0,0,-3,0
skincare no 1 di indonesia,0,4,10.25,0,1,8,-3,0
cara meracik hb sendiri,1,12,4.5,0,10,7.3,-2,-1
karya impian laboratoris,1,9,1,1,7,1.1428571428571428,-2,0
maklon kosmetik surabaya,1,38,7.815789473684211,1,36,5.666666666666667,-2,0
affiliate skincare adalah,0,2,15.5,0,0,0,-2,0
arti balm,0,2,9.5,0,0,0,-2,0
bahan racikan pemutih badan,0,2,9.5,0,0,0,-2,0
basic skincare cowok,0,2,23.5,0,0,0,-2,0
basic skincare pria,0,2,17,0,0,0,-2,0
bedanya edt dan edp,0,2,22.5,0,0,0,-2,0
bisnis pomade,0,2,49.5,0,0,0,-2,0
brand kecantikan,0,2,52,0,0,0,-2,0
cara kerja hb dosting,0,2,9.5,0,0,0,-2,0
cara membuat body lotion pemutih sendiri,0,6,8.666666666666668,0,4,9.5,-2,0
cara membuat hb pemutih,0,10,9.6,0,8,9.625,-2,0
cara membuat ketiak putih,0,2,59.5,0,0,0,-2,0
cara meracik hb dosting yg aman,0,2,5,0,0,0,-2,0
contoh iklan kecantikan,0,2,4,0,0,0,-2,0
cysteamin untuk flek,0,2,11,0,0,0,-2,0
fungsi panthenol,0,2,70.5,0,0,0,-2,0
hb dosting yang bagus dan aman,0,2,3,0,0,0,-2,0
iya,0,2,6,0,0,0,-2,0
jasa maklon skincare terbaik,0,2,14,0,0,0,-2,0
kandungan cysteamine,0,2,11,0,0,0,-2,0
komposisi hb dosting,0,2,11,0,0,0,-2,0
logo cpkb,0,3,9,0,1,11,-2,0
maklon body care,0,4,17.5,0,2,17.5,-2,0
maklon bodycare surabaya,0,5,27.8,0,3,4.333333333333334,-2,0
maklon facial wash,0,2,11.5,0,0,0,-2,0
maklon kosmetik bekasi,0,2,15,0,0,0,-2,0
maklon kosmetik indonesia,0,3,41.333333333333336,0,1,10,-2,0
maklon kosmetik sidoarjo,0,3,17.333333333333332,0,1,15,-2,0
maklon masker,0,2,10,0,0,0,-2,0
maklon minyak bayi,0,2,9.5,0,0,0,-2,0
maklon parfum murah,0,2,32,0,0,0,-2,0
maklon perawatan bibir,0,2,26,0,0,0,-2,0
maklon toner,0,3,8.666666666666668,0,1,13,-2,0
manfaat akar ginseng untuk rambut,0,3,19.666666666666668,0,1,3,-2,0
manfaat hair tonic ginseng,0,3,32.66666666666667,0,1,17,-2,0
manfaat panthenol,0,2,35,0,0,0,-2,0
moisturizer & cream,0,2,18.5,0,0,0,-2,0
moisturizer gel cream,0,2,10.5,0,0,0,-2,0
moisturizer gel untuk apa,0,2,10.5,0,0,0,-2,0
mypearsonlab,0,2,46,0,0,0,-2,0
nutrilab,0,2,43.5,0,0,0,-2,0
pabrik kosmetik di malang,0,2,14.5,0,0,0,-2,0
pabrik kosmetik rungkut surabaya,0,2,17.5,0,0,0,-2,0
pabrik maklon,0,3,31,0,1,9,-2,0
pabrik parfum jakarta,0,5,10.2,0,3,7.666666666666667,-2,0
panthenol skincare,0,2,35,0,0,0,-2,0
peptide+,0,2,6,0,0,0,-2,0
perbedaan hb dan dosting,0,4,5.25,0,2,5,-2,0
perusahaan maklon,0,4,50.5,0,2,51,-2,0
pt atsiri jamalindo jaya,0,2,48.5,0,0,0,-2,0
racikan handbody agar kulit putih,0,3,8,0,1,8,-2,0
racikan pemutih kulit buatan sendiri,0,3,9,0,1,8,-2,0
resep handbody racikan,0,2,5.5,0,0,0,-2,0
resep hb racikan sendiri,0,7,7.428571428571429,0,5,8,-2,0
resep racikan hb,0,2,10.5,0,0,0,-2,0
skin care for men,0,2,42,0,0,0,-2,0
skincare bali,0,2,35.5,0,0,0,-2,0
skincare pria,0,2,31.5,0,0,0,-2,0
skincare terbaik no 1 di indonesia,0,3,9.666666666666666,0,1,10,-2,0
tren parfum,0,2,7,0,0,0,-2,0
urutan skincare terbaik di indonesia,0,2,9.5,0,0,0,-2,0
dreamlab,18,41,1.2682926829268293,15,40,1.075,-1,-3
dream lab,4,17,1.8823529411764706,6,16,1.4375,-1,2
maklon reed diffuser,2,5,9,0,4,8.5,-1,-2
campuran handbody untuk memutihkan kulit,1,1,11,0,0,0,-1,-1
dreamlab indonesia,1,3,1,0,2,1,-1,-1
dreamlab surabaya,1,9,1,2,8,1.25,-1,1
maklon indonesia,1,2,8.5,0,1,26,-1,-1
maklon pomade,1,1,17,0,0,0,-1,-1
10 merek kosmetik terbaik di indonesia,0,1,37,0,0,0,-1,0
90 hari berapa lama,0,1,8,0,0,0,-1,0
ada brand apa aja,0,1,20,0,0,0,-1,0
affiliator skincare adalah,0,1,17,0,0,0,-1,0
akar ginseng untuk rambut,0,1,3,0,0,0,-1,0
alat pengencang,0,1,10,0,0,0,-1,0
alat untuk mengencangkan kulit wajah,0,1,3,0,0,0,-1,0
alkohol absolut berapa persen,0,1,46,0,0,0,-1,0
apa bedanya micellar water dan toner,0,1,18,0,0,0,-1,0
apa fungsi ginseng untuk rambut,0,1,3,0,0,0,-1,0
apa itu alcohol denat,0,1,52,0,0,0,-1,0
apa itu cream,0,1,2,0,0,0,-1,0
apa itu inspired parfum,0,34,10.911764705882353,0,33,9.878787878787879,-1,0
apa itu maklom,0,1,13,0,0,0,-1,0
apa perbedaan edp dan edt,0,1,11,0,0,0,-1,0
apa perbedaan edt dan edp,0,1,27,0,0,0,-1,0
apa saja,0,1,5,0,0,0,-1,0
apakah hb dosting sudah bpom,0,1,30,0,0,0,-1,0
apakah kopi bisa memutihkan kulit,0,1,2,0,0,0,-1,0
apakah luluran kopi bisa memutihkan kulit,0,1,2,0,0,0,-1,0
apakah sheriz sudah bpom,0,1,2,0,0,0,-1,0
aqua denat adalah,0,1,42,0,0,0,-1,0
aroma trend,0,1,2,0,0,0,-1,0
asia skinlab,0,4,51.25,0,3,50.666666666666664,-1,0
astaxanthin untuk kulit wajah,0,1,36,0,0,0,-1,0
b2b parfum,0,1,1,0,0,0,-1,0
bahan aktif skincare apa saja,0,1,66,0,0,0,-1,0
bahan alami memutihkan kulit,0,1,3,0,0,0,-1,0
bahan hb racikan,0,1,10,0,0,0,-1,0
bahan pemutih kulit tercepat,0,1,3,0,0,0,-1,0
bahan racikan handbody pemutih,0,2,9,0,1,7,-1,0
bahan racikan hb,0,2,9.5,0,1,10,-1,0
"bandingkan tekstur gel, lotion, cream, dan essence untuk berbagai jenis kulit?",0,2,5.5,0,1,1,-1,0
beda,0,1,9,0,0,0,-1,0
beda edp dan edt,0,2,24,0,1,16,-1,0
beda edt dan edp parfum,0,2,30.5,0,1,20,-1,0
beda toner dan micellar water,0,3,25,0,2,24,-1,0
beda vitacid gel dan cream,0,1,3,0,0,0,-1,0
bedanya cream dan moisturizer,0,1,9,0,0,0,-1,0
bedanya edp dan edt,0,1,25,0,0,0,-1,0
belum tau,0,1,11,0,0,0,-1,0
biaya maklon skincare,0,6,14.666666666666666,0,5,16.4,-1,0
biolife medilab,0,1,68,0,0,0,-1,0
bisnis kosmetik online,0,1,45,0,0,0,-1,0
bisnis skincare,0,1,51,0,0,0,-1,0
blendlab,0,1,49,0,0,0,-1,0
bloomlab surabaya,0,1,2,0,0,0,-1,0
body care untuk mencerahkan kulit,0,1,3,0,0,0,-1,0
body lotion dosting,0,1,3,0,0,0,-1,0
boleh,0,1,4,0,0,0,-1,0
brand skincare,0,1,46,0,0,0,-1,0
buat brand kosmetik sendiri,0,1,43,0,0,0,-1,0
buat parfum,0,1,31,0,0,0,-1,0
buat parfum bpom,0,2,59,0,1,61,-1,0
cara bikin handbody racikan pemutih,0,7,8.142857142857142,0,6,6,-1,0
cara bikin hb,0,1,5,0,0,0,-1,0
cara bisnis parfum brand sendiri,0,2,40,0,1,38,-1,0
cara buat hb racikan,0,3,9.666666666666666,0,2,7,-1,0
cara buat keranjang di instagram,0,3,10,0,2,9.5,-1,0
cara buat lulur pakai kopi dan handbody,0,1,7,0,0,0,-1,0
cara kerja cysteamine,0,2,8,0,1,3,-1,0
cara masukin keranjang di instagram,0,1,11,0,0,0,-1,0
cara membuat handbody,0,1,10,0,0,0,-1,0
cara membuat handbody racikan makassar,0,3,6.333333333333333,0,2,6,-1,0
cara membuat hb,0,1,1,0,0,0,-1,0
cara membuat hb pemutih badan,0,1,5,0,0,0,-1,0
cara membuat hb racikan sendiri,0,4,9,0,3,5.333333333333333,-1,0
cara membuat racikan handbody,0,2,8.5,0,1,8,-1,0
cara memutih kan ketiak,0,1,48,0,0,0,-1,0
cara menggunakan ginseng untuk rambut,0,1,6,0,0,0,-1,0
cara meracik hb,0,14,7.5,0,13,9.076923076923077,-1,0
cara meracik hb pemutih yang aman,0,20,7.75,0,19,7.105263157894737,-1,0
cara nautin keranjang setelah di upload,0,1,10,0,0,0,-1,0
cara pemakaian hb dosting untuk pemula,0,1,11,0,0,0,-1,0
cara racikan handbody pemutih,0,3,9.333333333333334,0,2,7,-1,0
celeblon,0,1,44,0,0,0,-1,0
ciri ciri parfum beralkohol,0,1,57,0,0,0,-1,0
contoh hb dosting adalah,0,2,10.5,0,1,11,-1,0
contoh iklan produk kecantikan dalam bahasa inggris,0,2,6.5,0,1,11,-1,0
contoh iklan skincare yang menarik,0,1,11,0,0,0,-1,0
contoh kata-kata promosi salon kecantikan,0,1,36,0,0,0,-1,0
contoh testimoni produk kecantikan,0,1,51,0,0,0,-1,0
contohnya di indonesia,0,1,2,0,0,0,-1,0
cream artinya,0,1,35,0,0,0,-1,0
cream gel power tx,0,1,5,0,0,0,-1,0
cream viral,0,1,3,0,0,0,-1,0
cremorlab,0,1,36,0,0,0,-1,0
custom body care,0,1,9,0,0,0,-1,0
cysteamine,0,4,18.5,0,3,19.666666666666668,-1,0
cysteamine capsules,0,1,20,0,0,0,-1,0
cysteamine untuk flek hitam,0,1,11,0,0,0,-1,0
cysteamine untuk jerawat,0,1,9,0,0,0,-1,0
cysteamine vs hydroquinone,0,1,8,0,0,0,-1,0
cysteamine yang ampuh untuk flek,0,1,12,0,0,0,-1,0
d panthenol untuk apa,0,1,40,0,0,0,-1,0
data penjualan skincare,0,1,26,0,0,0,-1,0
denatured alcohol adalah,0,1,11,0,0,0,-1,0
difference between toner and micellar water,0,1,73,0,0,0,-1,0
dream labs,0,1,2,0,0,0,-1,0
dreamlab official website,0,1,2,0,0,0,-1,0
dreamlab skincare,0,1,10,0,0,0,-1,0
dreamlab studio,0,1,23,0,0,0,-1,0
dreamlav,0,1,1,0,0,0,-1,0
dreams beauty,0,1,54,0,0,0,-1,0
econolab,0,1,62,0,0,0,-1,0
edp,0,1,23,0,0,0,-1,0
edt,0,3,12.666666666666666,0,2,14.5,-1,0
edt dan edp,0,1,27,0,0,0,-1,0
etanol untuk parfum,0,2,42,0,1,25,-1,0
fifth love ginseng & polygonum,0,1,4,0,0,0,-1,0
footlab jakarta,0,1,73,0,0,0,-1,0
fungsi alkohol dalam minyak wangi,0,1,59,0,0,0,-1,0
gel cream hybrid moisturizer,0,1,1,0,0,0,-1,0
gel cream moisturizer,0,1,1,0,0,0,-1,0
gel vs cream,0,2,8.5,0,1,7,-1,0
gel vs cream moisturizer,0,1,6,0,0,0,-1,0
gel vs gel cream,0,1,8,0,0,0,-1,0
glutawhite milky lotion harga,0,1,3,0,0,0,-1,0
hair tonic ginseng,0,2,26,0,1,31,-1,0
hairlab,0,1,45,0,0,0,-1,0
hand body marina biru,0,1,2,0,0,0,-1,0
hand body pemutih,0,1,3,0,0,0,-1,0
hand body yang ampuh memutihkan kulit,0,1,3,0,0,0,-1,0
handbody alami,0,1,5,0,0,0,-1,0
handbody dosting,0,1,3,0,0,0,-1,0
handbody pemutih badan yang bagus dan aman,0,1,2,0,0,0,-1,0
handbody terbaik untuk mencerahkan kulit,0,1,3,0,0,0,-1,0
handbody untuk memutihkan kulit dan melindungi dari sinar matahari,0,1,3,0,0,0,-1,0
handbody yang bikin cepat putih,0,1,3,0,0,0,-1,0
hb dosting bpom,0,3,7.666666666666667,0,2,7.5,-1,0
hb dosting untuk apa,0,1,2,0,0,0,-1,0
hb dosting yang aman dan sudah bpom,0,1,3,0,0,0,-1,0
hb farmasi,0,1,3,0,0,0,-1,0
hb farmaskin apakah sudah bpom,0,1,3,0,0,0,-1,0
hb whitening,0,1,3,0,0,0,-1,0
hb whitening super,0,1,3,0,0,0,-1,0
hni moisturizing gel,0,1,2,0,0,0,-1,0
iklan klinik kecantikan,0,2,23,0,1,22,-1,0
industri kosmetik,0,1,21,0,0,0,-1,0
industri kosmetik di indonesia,0,2,33.5,0,1,40,-1,0
industri skincare di indonesia,0,1,11,0,0,0,-1,0
iya keduanya,0,1,4,0,0,0,-1,0
iyaa,0,1,4,0,0,0,-1,0
jasa maklon masker,0,1,13,0,0,0,-1,0
kandungan cysteamine untuk apa,0,3,9,0,2,9,-1,0
kandungan marina biru,0,1,3,0,0,0,-1,0
karya sehat medistra,0,1,48,0,0,0,-1,0
kata kata promosi produk kecantikan,0,2,16.5,0,1,13,-1,0
kata kata untuk produk kecantikan,0,1,21,0,0,0,-1,0
kelas premium,0,1,1,0,0,0,-1,0
keranjang putih,0,1,22,0,0,0,-1,0
khasiat ginseng untuk rambut,0,1,3,0,0,0,-1,0
kinglab,0,1,55,0,0,0,-1,0
kosmetik white label,0,1,19,0,0,0,-1,0
kyk gini,0,1,2,0,0,0,-1,0
la tulipe moisturizer gel,0,1,4,0,0,0,-1,0
laa vitamin c,0,1,12,0,0,0,-1,0
lightening adalah,0,1,2,0,0,0,-1,0
maklin,0,1,5,0,0,0,-1,0
maklon bedak bayi,0,2,8.5,0,1,5,-1,0
maklon body butter,0,2,13.5,0,1,8,-1,0
maklon bodycare murah dan berkualitas,0,1,16,0,0,0,-1,0
maklon bodycare terbaik di indonesia,0,3,22.666666666666668,0,2,9.5,-1,0
maklon foot care,0,2,5,0,1,3,-1,0
maklon gel rambut,0,1,7,0,0,0,-1,0
maklon herbal surabaya,0,2,37,0,1,1,-1,0
maklon jakarta,0,1,3,0,0,0,-1,0
maklon kondisioner,0,1,9,0,0,0,-1,0
maklon kosmetik tangerang,0,3,16.666666666666664,0,2,19,-1,0
maklon krim cukur,0,1,45,0,0,0,-1,0
maklon krim mata,0,1,16,0,0,0,-1,0
maklon lip cream,0,1,6,0,0,0,-1,0
maklon losion bayi,0,2,6.5,0,1,4,-1,0
maklon makeup,0,1,24,0,0,0,-1,0
maklon masker medis,0,1,14,0,0,0,-1,0
maklon masker organik,0,1,15,0,0,0,-1,0
maklon masker rambut,0,1,8,0,0,0,-1,0
maklon masker wajah,0,1,10,0,0,0,-1,0
maklon minyak kayu putih,0,1,63,0,0,0,-1,0
maklon murah,0,1,21,0,0,0,-1,0
maklon parfum bekasi,0,1,12,0,0,0,-1,0
maklon parfum indonesia,0,2,53,0,1,26,-1,0
maklon parfum itu apa,0,5,9.8,0,4,7.5,-1,0
maklon parfum tangerang,0,3,11,0,2,8.5,-1,0
maklon pelembap,0,2,18.5,0,1,25,-1,0
maklon pelembap bayi,0,2,8.5,0,1,10,-1,0
maklon perawatan kulit kepala,0,1,13,0,0,0,-1,0
maklon perawatan kulit untuk ibu hamil,0,2,17.5,0,1,27,-1,0
maklon powder cosmetic industry,0,1,61,0,0,0,-1,0
maklon produk kesehatan,0,1,4,0,0,0,-1,0
maklon sabun antibakteri,0,1,4,0,0,0,-1,0
maklon sabun herbal,0,4,31.75,0,3,34,-1,0
maklon sabun mandi bayi,0,2,29,0,1,13,-1,0
maklon sabun pemutih (pencerah),0,2,18.5,0,1,18,-1,0
maklon sampo,0,2,26,0,1,18,-1,0
maklon sampo bayi,0,2,5,0,1,3,-1,0
maklon skincare baby,0,9,6.888888888888889,0,8,5.75,-1,0
maklon sunblock,0,2,13,0,1,12,-1,0
maklon tonik rambut,0,1,13,0,0,0,-1,0
manfaat hair tonic hijau,0,1,43,0,0,0,-1,0
manfaat kopi hitam untuk lulur badan,0,1,3,0,0,0,-1,0
manfaat tonic rambut,0,1,47,0,0,0,-1,0
masterlab,0,1,31,0,0,0,-1,0
matte lip cream,0,1,5,0,0,0,-1,0
memutihkan badan pakai apa,0,1,3,0,0,0,-1,0
meracik handbody untuk memutihkan kulit,0,6,5.666666666666667,0,5,7.4,-1,0
merk yg bagus,0,1,12,0,0,0,-1,0
micellar cysteamine adalah,0,2,11.5,0,1,11,-1,0
micellar water as toner,0,1,34,0,0,0,-1,0
micellar water dan toner apa bedanya,0,1,27,0,0,0,-1,0
modal,0,1,1,0,0,0,-1,0
modal bisnis skincare,0,1,38,0,0,0,-1,0
modal usaha skin care,0,2,36.5,0,1,46,-1,0
moisturizer gel,0,1,11,0,0,0,-1,0
moisturizer wardah gel,0,1,3,0,0,0,-1,0
moisturizing gel untuk apa,0,1,10,0,0,0,-1,0
nad skincare,0,2,6.5,0,1,8,-1,0
natur e moisturizer gel,0,1,2,0,0,0,-1,0
non hydroquinone lightening cream,0,1,43,0,0,0,-1,0
odm skincare,0,1,5,0,0,0,-1,0
opinionlab,0,1,44,0,0,0,-1,0
pabrik kosmetik di bantul,0,1,46,0,0,0,-1,0
pabrik kosmetik gedangan sidoarjo,0,2,1,0,1,1,-1,0
pabrik kosmetik malang,0,2,8.5,0,1,1,-1,0
pabrik kosmetik terdekat,0,2,6.5,0,1,10,-1,0
pabrik lipstik,0,1,8,0,0,0,-1,0
pabrik maklon kosmetik jakarta,0,1,26,0,0,0,-1,0
pabrik maklon kosmetik surabaya,0,15,8.333333333333332,0,14,11.142857142857142,-1,0
pabrik pembuatan skincare,0,3,7.333333333333333,0,2,36,-1,0
panthenol fungsi,0,1,21,0,0,0,-1,0
panthenol untuk kulit apa,0,1,29,0,0,0,-1,0
panthenol untuk wajah,0,1,23,0,0,0,-1,0
parfum edp dan edt,0,1,31,0,0,0,-1,0
parfum edt,0,1,36,0,0,0,-1,0
parfum edt dan edp,0,1,32,0,0,0,-1,0
parfum inspired artinya,0,3,7.333333333333333,0,2,3.5,-1,0
parfum terbaru 2026,0,1,3,0,0,0,-1,0
parfume balm,0,1,3,0,0,0,-1,0
pasar kosmetik,0,1,9,0,0,0,-1,0
pbktl,0,3,48,0,2,39.5,-1,0
pelembab la tulipe,0,1,3,0,0,0,-1,0
perbedaan cream dan moisturizer,0,2,14,0,1,14,-1,0
perbedaan dosting dan booster,0,2,1,0,1,1,-1,0
perbedaan eau de toilette,0,1,27,0,0,0,-1,0
perbedaan gel dan krim,0,1,9,0,0,0,-1,0
perbedaan moisturizer cream dan gel,0,6,6.5,0,5,7.4,-1,0
periklanan dalam kosmetik,0,1,30,0,0,0,-1,0
pertumbuhan industri kosmetik di indonesia,0,1,9,0,0,0,-1,0
perusahaan kecantikan,0,1,5,0,0,0,-1,0
perusahaan manufaktur,0,1,61,0,0,0,-1,0
perusahaan skincare terbesar di indonesia,0,9,7.555555555555555,0,8,8,-1,0
private label cosmetics,0,1,9,0,0,0,-1,0
private label skincare,0,1,75,0,0,0,-1,0
produk skincare pria,0,1,26,0,0,0,-1,0
produksi dimana,0,1,2,0,0,0,-1,0
produsen skincare,0,7,44.285714285714285,0,6,31.333333333333332,-1,0
pt credo indonesia,0,1,56,0,0,0,-1,0
pt dream plastic indonesia,0,1,59,0,0,0,-1,0
pt dream wear,0,1,44,0,0,0,-1,0
pt garland cantik indonesia,0,1,53,0,0,0,-1,0
pt lainnya,0,1,7,0,0,0,-1,0
pt lkb,0,1,48,0,0,0,-1,0
pt mitra harapan mandiri,0,1,59,0,0,0,-1,0
pt mkb,0,1,55,0,0,0,-1,0
pt nya dimana,0,1,4,0,0,0,-1,0
pt refli kosmedika lab,0,1,30,0,0,0,-1,0
pt tecno glow innovation,0,1,54,0,0,0,-1,0
racikan handbody untuk memutihkan kulit,0,1,7,0,0,0,-1,0
racikan hb pemutih,0,2,8,0,1,8,-1,0
racikan lotion pemutih,0,1,8,0,0,0,-1,0
racikan pemutih,0,1,10,0,0,0,-1,0
resep handbody pemutih racikan dokter,0,1,16,0,0,0,-1,0
resep hb farmasi,0,3,10,0,2,10,-1,0
resep hb racikan makassar,0,1,1,0,0,0,-1,0
resep racikan handbody dosting,0,5,9.2,0,4,6.75,-1,0
resep racikan hb dosting,0,1,10,0,0,0,-1,0
senka deep moist gel cream,0,1,3,0,0,0,-1,0
serum exosome,0,1,8,0,0,0,-1,0
skin care brand,0,1,41,0,0,0,-1,0
skin care mahal di indonesia,0,1,31,0,0,0,-1,0
skin care manufacturer,0,1,73,0,0,0,-1,0
skin care production,0,1,41,0,0,0,-1,0
skin manufacturing,0,1,66,0,0,0,-1,0
skincare affiliate adalah,0,2,24.5,0,1,13,-1,0
skincare affiliate indonesia,0,1,24,0,0,0,-1,0
skincare basic pria,0,1,26,0,0,0,-1,0
skincare hb dosting,0,1,3,0,0,0,-1,0
skincare hydrating mana yang paling cocok untuk cuaca panas dan lembap?,0,1,11,0,0,0,-1,0
skincare production,0,1,24,0,0,0,-1,0
skincare terbaik di indonesia,0,1,22,0,0,0,-1,0
skincare terlaris 2026,0,1,4,0,0,0,-1,0
skincare untuk pria,0,1,33,0,0,0,-1,0
skylab indonesia,0,1,42,0,0,0,-1,0
start a skincare brand,0,1,56,0,0,0,-1,0
target pasar skincare,0,2,24,0,1,28,-1,0
tera laboratorium indonesia,0,1,38,0,0,0,-1,0
the cre8ion lab,0,1,37,0,0,0,-1,0
toner dan micellar water apa bedanya,0,1,16,0,0,0,-1,0
top brand skincare 2026,0,1,25,0,0,0,-1,0
tren bisnis kecantikan,0,2,36.5,0,1,33,-1,0
tren parfum 2026,0,3,11,0,2,7.5,-1,0
tren sunscreen,0,2,9,0,1,6,-1,0
trend skincare 2026,0,1,10,0,0,0,-1,0
triszie lab indonesia-maklon skincare & kosmetik,0,7,16.57142857142857,0,6,13.833333333333334,-1,0
tugas affiliate skincare,0,2,44.5,0,1,26,-1,0
unboxing parfum pecah,0,2,10,0,1,10,-1,0
untuk bisnis,0,1,2,0,0,0,-1,0
untuk mencerahkan ketiak,0,1,28,0,0,0,-1,0
urutan brand skincare terbaik di indonesia,0,1,10,0,0,0,-1,0
vitamin c yang bagus untuk kulit,0,1,27,0,0,0,-1,0
vitamin c yang bagus untuk memutihkan kulit,0,1,51,0,0,0,-1,0
viva moisturizer gel,0,1,3,0,0,0,-1,0
viva moisturizer gel hydra lift,0,1,3,0,0,0,-1,0
y,0,1,4,0,0,0,-1,0
ya mau,0,1,1,0,0,0,-1,0
3 basic skincare cowok,0,1,7,0,1,9,0,0
alkohol denat pada parfum,0,2,11,0,2,12,0,0
apa itu hb bodycare,0,1,7,0,1,9,0,0
apa perbedaan micellar water dan toner,0,1,24,0,1,21,0,0
apakah ada merek perawatan tubuh terkemuka yang layak dipertimbangkan tahun ini?,0,1,1,0,1,1,0,0
apakah cream dan moisturizer sama,0,1,11,0,1,10,0,0
apakah hb dosting berbahaya,0,1,2,0,1,3,0,0
apakah micellar water bisa dijadikan toner,0,1,37,0,1,37,0,0
apakah sudah bpom,0,1,11,0,1,11,0,0
arti inspired parfum,0,1,6,0,1,1,0,0
arti pheromone,0,4,11,0,4,10.25,0,0
bagaimana cara memutihkan ketiak,0,1,45,0,1,45,0,0
bahan bahan membuat handbody racikan pemutih,0,7,8,0,7,7.142857142857143,0,0
bahan racikan handbody,0,1,7,0,1,5,0,0
bali natural skincare,0,1,12,0,1,13,0,0
beda toner dengan micellar water,0,1,26,0,1,24,0,0
berapa lama hb dosting bekerja,0,1,10,0,1,11,0,0
cara agar ketiak putih,0,1,59,0,1,62,0,0
cara buat handbody,0,1,3,0,1,11,0,0
cara buat handbody racikan pemutih badan,0,6,7.833333333333333,0,6,6.833333333333333,0,0
cara memakai handbody racikan agar cepat putih,0,4,10.25,0,4,9,0,0
cara membuat brand kosmetik sendiri,0,1,50,0,1,47,0,0
cara memuluskan ketiak,0,1,43,0,1,43,0,0
cara memutihkan ketiak secara alami dalam 1 minggu,0,2,27,0,2,25,0,0
cara mencerahkan ketiak,0,1,48,0,1,55,0,0
cara meracik hb dosting,0,16,7.8125,0,16,7.875,0,0
cara meracik hb pemutih sendiri,0,1,8,0,1,7,0,0
cara mutihin ketiak,0,1,43,0,1,43,0,0
contoh iklan skincare,0,2,9,0,2,11,0,0
copywriting kosmetik,0,8,6.625,0,8,6.125,0,0
cream gel moisturizer,0,2,1,0,2,9.5,0,0
custom parfum surabaya,0,1,8,0,1,10,0,0
decorative makeup,0,2,4.5,0,2,4.5,0,0
dosting body lotion bpom,0,1,9,0,1,9,0,0
dosting bpom,0,1,6,0,1,7,0,0
edt parfum adalah,0,1,38,0,1,21,0,0
ginseng rambut,0,1,27,0,1,27,0,0
hb kecantikan artinya,0,1,11,0,1,6,0,0
iklan kosmetik,0,2,25,0,2,18.5,0,0
jasa maklon body care,0,1,19,0,1,11,0,0
jasa maklon kosmetik tangerang,0,1,11,0,1,14,0,0
jasa maklon kosmetik terbaik,0,3,31.333333333333332,0,3,26,0,0
jasa maklon tangerang,0,2,34,0,2,23,0,0
jenis vitamin c,0,1,43,0,1,36,0,0
kandungan alkohol dalam minyak wangi,0,1,77,0,1,70,0,0
kata kata promosi skincare yang menarik,0,1,31,0,1,10,0,0
kegunaan panthenol,0,1,34,0,1,32,0,0
kegunaan panthenol untuk wajah,0,1,22,0,1,21,0,0
logo hb dosting,0,2,6.5,0,2,5.5,0,0
maklon body mist,0,2,14,0,2,13,0,0
maklon body scrub,0,1,14,0,1,11,0,0
maklon body serum eksklusif,0,4,25.25,0,4,8,0,0
maklon body wash,0,2,21.5,0,2,12,0,0
maklon handbody,0,1,10,0,1,9,0,0
maklon kosmetik malang,0,2,14.5,1,2,11.5,0,1
maklon krim kaki,0,2,7.5,0,2,30,0,0
maklon make up,0,2,11,0,2,8.5,0,0
maklon serum,0,2,8,1,2,16,0,1
maklon skincare bpom,0,1,20,0,1,44,0,0
maklon skincare jakarta,0,1,1,0,1,2,0,0
maklon suplemen kecantikan,0,1,19,0,1,22,0,0
maklon terbaik di indonesia,0,18,5.555555555555555,0,18,4,0,0
manfaat ginseng untuk rambut,0,3,2,0,3,19.333333333333332,0,0
manfaat panthenol untuk wajah,0,1,20,0,1,20,0,0
manfaat shampo ginseng,0,1,43,0,1,36,0,0
mencerahkan ketiak,0,1,57,0,1,59,0,0
meracik hb sendiri,0,2,9,0,2,7.5,0,0
micellar water vs toner,0,1,26,0,1,25,0,0
mindlab,0,1,46,0,1,44,0,0
moisture gel adalah,0,1,16,0,1,3,0,0
moisturizer dan cream apakah sama,0,1,11,0,1,11,0,0
moisturizer gel vs cream,0,2,8,0,2,7,0,0
pabrik kosmetik,0,25,17.16,0,25,16.240000000000002,0,0
pabrik maklon indonesia,0,1,8,0,1,6,0,0
pabrik maklon kosmetik terpercaya,0,1,41,0,1,52,0,0
pabrik maklon parfum,0,1,12,0,1,12,0,0
panthenol manfaat,0,1,25,0,1,31,0,0
parfum edt adalah,0,1,25,0,1,26,0,0
parfum trend 2026,0,4,7.75,0,4,6,0,0
perbedaan affiliate dan kol,0,1,11,0,1,12,0,0
perbedaan cream dan gel,0,3,12,0,3,11.666666666666666,0,0
perbedaan edt edp,0,1,23,0,1,17,0,0
perbedaan hb dosting dan hb booster,0,4,1,0,4,1,0,0
perbedaan moisturizer gel dan cream,0,10,8.1,0,10,6.3,0,0
perbedaan parfum edp dan edt,0,1,27,0,1,18,0,0
perbedaan parfum edt dan edp,0,1,26,0,1,16,0,0
perbedaan toner dan micellar water,0,4,24.25,0,4,23.5,0,0
periklanan kecantikan,0,1,26,0,1,26,0,0
perusahaan kosmetik,0,2,28.5,0,2,30.5,0,0
perusahaan kosmetik di surabaya,0,10,7.1,0,10,28.3,0,0
perusahaan maklon skincare,0,2,36,0,2,11,0,0
racikan handbody,0,2,6.5,0,2,10.5,0,0
racikan hb dosting apa saja,0,1,3,0,1,3,0,0
racikan lotion pemutih badan,0,1,11,0,1,8,0,0
rekomendasi produk perawatan kulit 2026,0,1,15,0,1,17,0,0
resep hb racikan,0,3,5.666666666666667,0,3,12.666666666666666,0,0
resep racikan pemutih badan,0,2,5,0,2,7,0,0
skincare affiliate,0,1,21,0,1,14,0,0
skincare for men,0,1,30,0,1,28,0,0
skincare lab,0,1,47,0,1,45,0,0
skincare manufacturer,0,1,77,0,1,1,0,0
skincare nomor 1 di indonesia,0,1,21,0,1,19,0,0
skincare terbaik no 1 di indonesia 2026,0,2,3,0,2,2,0,0
skincare wajib pria,0,1,28,0,1,22,0,0
sunscreen lokal,0,2,21,0,2,22,0,0
sunscreen lokal terbaik,0,2,14,0,2,15,0,0
tips cara pemakaian hb dosting,0,1,9,0,1,9,0,0
white label kosmetik,0,1,10,0,1,11,0,0
white label skincare,0,1,28,0,1,23,0,0
affiliate skincare,0,1,19,0,2,6,1,0
alkohol apa yang digunakan untuk parfum,0,2,11,0,3,9.333333333333334,1,0
alkohol parfum terbaik,0,2,10.5,0,3,6.666666666666667,1,0
alkohol untuk parfum,0,3,26.666666666666668,0,4,8,1,0
apa arti dosting,0,1,10,0,2,9.5,1,0
apa bedanya toner dan micellar water,0,1,23,0,2,25,1,0
apa itu hb dosting,0,6,3.5,0,7,6.285714285714286,1,0
apa itu hb skincare,0,1,10,0,2,10.5,1,0
apa itu panthenol,0,1,42,0,2,41,1,0
aroma alkohol,0,1,8,0,2,5,1,0
"bahan skincare apa yang sedang populer di shopee, lazada, atau tiktok shop indonesia?",0,1,1,0,2,1,1,0
beda edt dan edp,0,1,25,0,2,15,1,0
beda gel dan cream,0,1,10,0,2,9,1,0
beda moisturizer dan cream,0,1,13,0,2,15,1,0
data penjualan skincare di indonesia,0,2,32.5,0,3,31,1,0
dreamlabs,0,2,1.5,1,3,4.333333333333334,1,1
fungsi panthenol untuk wajah,0,1,35,0,2,32.5,1,0
iklan kosmetik bahasa inggris,0,1,7,0,2,12,1,0
jasa maklon bodycare bpom,0,3,11.666666666666666,0,4,11,1,0
maklon hair care,0,2,24.5,0,3,12.333333333333334,1,0
maklon kosmetik bali,0,4,22.25,0,5,25,1,0
maklon skincare pria,0,1,24,0,2,16,1,0
maklon sunscreen,0,5,15.4,1,6,13,1,1
manfaat astaxanthin untuk wajah,0,1,60,0,2,49.5,1,0
micellar water dan toner apakah sama,0,1,20,0,2,22.5,1,0
pabrik kosmetik jawa timur,0,1,1,0,2,25.5,1,0
pabrik kosmetik sidoarjo,0,2,8.5,0,3,11,1,0
panthenol,0,2,26.5,0,3,27.333333333333332,1,0
panthenol adalah,0,1,42,0,2,30,1,0
parfum yang mengandung alkohol,0,1,25,0,2,11,1,0
perbedaan moist gel dan cream,0,4,7.5,0,5,7.8,1,0
perbedaan salicylic acid dan succinic acid,0,2,11.5,0,3,11,1,0
perbedaan succinic acid dan salicylic acid,0,1,11,0,2,10.5,1,0
produsen kosmetik,0,2,26.5,1,3,65.33333333333333,1,1
racikan pemutih badan alami,0,1,4,0,2,7.5,1,0
racikan sendiri,0,1,10,0,2,5,1,0
skincare no. 1 di indonesia,0,3,10.666666666666666,0,4,10.25,1,0
tips memutihkan ketiak,0,1,47,0,2,49,1,0
maklon kosmetik makassar,0,0,0,1,1,9,1,1
produk lain,0,0,0,1,1,4,1,1
skincare,0,0,0,1,1,1,1,1
alkohol parfum berapa persen,0,0,0,0,1,8,1,0
alpha glowhite body lotion,0,0,0,0,1,3,1,0
apa bedanya cream dan moisturizer,0,0,0,0,1,13,1,0
apa bedanya micellar water sama toner,0,0,0,0,1,16,1,0
apa bedanya toner dengan micellar water,0,0,0,0,1,23,1,0
apa fungsi alkohol pada parfum,0,0,0,0,1,11,1,0
apa itu cysteamine,0,0,0,0,1,12,1,0
apa itu edt,0,0,0,0,1,9,1,0
apa itu pheromone,0,0,0,0,1,34,1,0
apa itu toko kosmetik,0,0,0,0,1,13,1,0
apa manfaat hair tonic,0,0,0,0,1,35,1,0
apakah ada hb dosting bpom,0,0,0,0,1,10,1,0
apakah harus pakai npwp,0,0,0,0,1,4,1,0
apakah hb dosting,0,0,0,0,1,1,1,0
arti hb dosting,0,0,0,0,1,2,1,0
astaxanthin untuk kulit,0,0,0,0,1,48,1,0
babylakhena,0,0,0,0,1,21,1,0
bagus ga,0,0,0,0,1,3,1,0
bahan handbody racikan,0,0,0,0,1,10,1,0
bali skincare brands,0,0,0,0,1,68,1,0
beauty affiliate adalah,0,0,0,0,1,10,1,0
beda micellar water dan toner,0,0,0,0,1,15,1,0
beda parfum edt dan edp,0,0,0,0,1,20,1,0
bedanya micellar water dan toner,0,0,0,0,1,29,1,0
bedanya parfum edp dan edt,0,0,0,0,1,17,1,0
bedanya toner dan micellar water,0,0,0,0,1,28,1,0
bedanya toner sama micellar water,0,0,0,0,1,22,1,0
best sunscreen indonesia,0,0,0,0,1,51,1,0
bikin brand parfum sendiri,0,0,0,0,1,27,1,0
bisnismen,0,0,0,0,1,26,1,0
body lotion terbaik untuk memutihkan kulit,0,0,0,0,1,3,1,0
body serum alpha,0,0,0,0,1,2,1,0
bomboulab,0,0,0,0,1,21,1,0
brand oem di indonesia,0,0,0,0,1,6,1,0
campuran body lotion untuk memutihkan kulit,0,0,0,0,1,21,1,0
campuran hb cepat putih,0,0,0,0,1,4,1,0
cara buat brand parfum sendiri,0,0,0,0,1,1,1,0
cara maklon kosmetik,0,0,0,0,1,48,1,0
cara memakai hb dosting yang benar,0,0,0,0,1,24,1,0
cara membuat handbody pemutih,0,0,0,0,1,6,1,0
cara membuat konten viral,0,0,0,0,1,51,1,0
cara menambahkan keranjang kuning di ig,0,0,0,0,1,13,1,0
cara viral,0,0,0,0,1,63,1,0
carikan,0,0,0,0,1,4,1,0
cleanical,0,0,0,0,1,1,1,0
clembonplan,0,0,0,0,1,50,1,0
contoh hb dosting,0,0,0,0,1,3,1,0
contohnya merk apa,0,0,0,0,1,8,1,0
cream gel cream,0,0,0,0,1,11,1,0
demplon,0,0,0,0,1,50,1,0
devina caramoy,0,0,0,0,1,1,1,0
di batam ada?,0,0,0,0,1,3,1,0
dreamlab chile,0,0,0,0,1,4,1,0
dreamline beauty private label,0,0,0,0,1,48,1,0
edt perfume,0,0,0,0,1,26,1,0
efek memakai hb dosting,0,0,0,0,1,2,1,0
efek samping hb dosting,0,0,0,0,1,3,1,0
electrolab,0,0,0,0,1,53,1,0
eterniskin,0,0,0,0,1,3,1,0
ethyl alcohol pada parfum,0,0,0,0,1,12,1,0
flek hitam,0,0,0,0,1,1,1,0
footlin cream,0,0,0,0,1,17,1,0
formala,0,0,0,0,1,5,1,0
formbodylab,0,0,0,0,1,39,1,0
fragrance manufacturer,0,0,0,0,1,21,1,0
fungsi alkohol dalam parfum,0,0,0,0,1,11,1,0
fungsi hair tonic ginseng,0,0,0,0,1,28,1,0
gel moisturizer vs cream,0,0,0,0,1,9,1,0
gen z,0,0,0,0,1,3,1,0
germolap,0,0,0,0,1,36,1,0
glycocare body lotion,0,0,0,0,1,7,1,0
grafik pertumbuhan industri kosmetik di indonesia,0,0,0,0,1,10,1,0
hair tonic ginseng untuk rambut rontok,0,0,0,0,1,9,1,0
halal deodorant,0,0,0,0,1,17,1,0
hanasui produk dari negara mana,0,0,0,0,1,3,1,0
handbody campur apa biar cepat putih,0,0,0,0,1,3,1,0
handbody dosting adalah,0,0,0,0,1,2,1,0
handbody gel,0,0,0,0,1,3,1,0
handbody racikan pemutih,0,0,0,0,1,16,1,0
handbody raja onta,0,0,0,0,1,3,1,0
handbody untuk memutihkan kulit dan melindungi dari sinar matahari untuk pria,0,0,0,0,1,3,1,0
hb acil idang apakah sudah bpom,0,0,0,0,1,3,1,0
hb beauty skin,0,0,0,0,1,8,1,0
hb body lotion adalah,0,0,0,0,1,3,1,0
hb bpom,0,0,0,0,1,10,1,0
hb dalam skincare adalah,0,0,0,0,1,12,1,0
hb dosting terbuat dari apa,0,0,0,0,1,11,1,0
hb dosting yang bagus,0,0,0,0,1,37,1,0
hb dosting yang bagus dan bpom,0,0,0,0,1,3,1,0
hb dostinh,0,0,0,0,1,3,1,0
hb farmaskin,0,0,0,0,1,1,1,0
hb itu apa dalam skincare,0,0,0,0,1,12,1,0
hb racikan sendiri biar cepet cerah,0,0,0,0,1,7,1,0
hb skincare,0,0,0,0,1,8,1,0
headlab,0,0,0,0,1,49,1,0
jasa maklon body mist,0,0,0,0,1,1,1,0
keranjang kuning instagram,0,0,0,0,1,13,1,0
kesehatan dan kecantikan,0,0,0,0,1,5,1,0
kids labs,0,0,0,0,1,12,1,0
kirim alamat,0,0,0,0,1,5,1,0
kol affiliate program,0,0,0,0,1,9,1,0
kol beauty adalah,0,0,0,0,1,1,1,0
kosmetik yang bagus,0,0,0,0,1,25,1,0
krim itu apa,0,0,0,0,1,3,1,0
lab rnd adalah,0,0,0,0,1,2,1,0
lip balm custom,0,0,0,0,1,1,1,0
maklon bergaransi,0,0,0,0,1,40,1,0
maklon body lotion dan body wash,0,0,0,0,1,18,1,0
maklon brand sendiri,0,0,0,0,1,3,1,0
maklon deodoran,0,0,0,0,1,20,1,0
maklon hair spray,0,0,0,0,1,8,1,0
maklon moq rendah,0,0,0,0,1,27,1,0
maklon produk personal care,0,0,0,0,1,20,1,0
maklon sabun,0,0,0,0,1,11,1,0
maklon sabun transparan,0,0,0,0,1,50,1,0
maklon skincare adalah,0,0,0,0,1,7,1,0
maklon skincare indonesia,0,0,0,0,1,6,1,0
maklon terdekat,0,0,0,0,1,10,1,0
manfaat minyak ginseng untuk rambut,0,0,0,0,1,9,1,0
manislab,0,0,0,0,1,30,1,0
manufaktur di surabaya,0,0,0,0,1,13,1,0
merek,0,0,0,0,1,6,1,0
minyak ginseng untuk rambut,0,0,0,0,1,31,1,0
minyak wangi alkohol,0,0,0,0,1,56,1,0
modal 20 juta,0,0,0,0,1,9,1,0
moisturizer cream vs gel,0,0,0,0,1,9,1,0
morlab,0,0,0,0,1,49,1,0
morlab indonesia,0,0,0,0,1,19,1,0
morlab skincare,0,0,0,0,1,29,1,0
mutihin badan pakai apa,0,0,0,0,1,3,1,0
nama brand kosmetik,0,0,0,0,1,55,1,0
nama pt kosmetik di indonesia,0,0,0,0,1,19,1,0
nazwa skincare viral,0,0,0,0,1,1,1,0
omg barrier moisture gel,0,0,0,0,1,3,1,0
pabrik kosmetik bekasi,0,0,0,0,1,28,1,0
pabrik kosmetik di indonesia,0,0,0,0,1,13,1,0
pabrik kosmetik pasuruan,0,0,0,0,1,1,1,0
pabrik parfum terdekat,0,0,0,0,1,10,1,0
panthenol untuk apa,0,0,0,0,1,31,1,0
parfum edt edp,0,0,0,0,1,22,1,0
parfum maklon adalah,0,0,0,0,1,12,1,0
parfum viral 2026,0,0,0,0,1,17,1,0
penggunaan hb dosting,0,0,0,0,1,10,1,0
perbedaan hb booster dan hb dosting,0,0,0,0,1,1,1,0
perbedaan kol dan affiliate,0,0,0,0,1,11,1,0
perbedaan krim dan gel,0,0,0,0,1,8,1,0
perbedaan vitacid gel dan cream,0,0,0,0,1,3,1,0
perusahaan maklon di indonesia,0,0,0,0,1,12,1,0
perusahaan maklon kosmetik di indonesia,0,0,0,0,1,11,1,0
pheromone artinya,0,0,0,0,1,10,1,0
private label kozmetik,0,0,0,0,1,9,1,0
produk skincare viral indonesia 2026,0,0,0,0,1,5,1,0
pt bersama bina bahagia,0,0,0,0,1,43,1,0
pt erfi karya abadi,0,0,0,0,1,38,1,0
pt l essential,0,0,0,0,1,56,1,0
pt l'essential,0,0,0,0,1,50,1,0
pt maklon,0,0,0,0,1,5,1,0
pt maklon kosmetik,0,0,0,0,1,38,1,0
pt maklon kosmetik indonesia,0,0,0,0,1,3,1,0
pt pesona bintang utama,0,0,0,0,1,53,1,0
pt pillars,0,0,0,0,1,74,1,0
rekomendasi skincare pria,0,0,0,0,1,36,1,0
resep hb,0,0,0,0,1,1,1,0
resep hb dosting racikan,0,0,0,0,1,3,1,0
rupiahnya,0,0,0,0,1,1,1,0
sabun,0,0,0,0,1,8,1,0
sabun pemutih badan yang ampuh,0,0,0,0,1,3,1,0
scrub mencerahkan badan,0,0,0,0,1,3,1,0
selain itu ada ga,0,0,0,0,1,1,1,0
selain itu merk apa lagi,0,0,0,0,1,6,1,0
shampoo merker,0,0,0,0,1,31,1,0
shinlab,0,0,0,0,1,38,1,0
skin care cowo,0,0,0,0,1,34,1,0
skin care cowok,0,0,0,0,1,29,1,0
skincare cowok,0,0,0,0,1,31,1,0
skincare trend 2026,0,0,0,0,1,9,1,0
skincare untuk cowok,0,0,0,0,1,29,1,0
skincare untuk laki laki kulit kering,0,0,0,0,1,42,1,0
skincare white label,0,0,0,0,1,11,1,0
skintific 377 dark spot moisture gel,0,0,0,0,1,3,1,0
sunscreen silicone based lokal,0,0,0,0,1,22,1,0
sunscreen trend,0,0,0,0,1,4,1,0
toko kosmetik di tangerang,0,0,0,0,1,30,1,0
toko kosmetik itu apa,0,0,0,0,1,10,1,0
tren kecantikan 2026,0,0,0,0,1,10,1,0
tren skincare 2026,0,0,0,0,1,2,1,0
ulasan pt. derma enom farma,0,0,0,0,1,2,1,0
viral skincare 2026,0,0,0,0,1,29,1,0
vitacid gel dan cream bedanya apa,0,0,0,0,1,3,1,0
wardah moisturizer gel,0,0,0,0,1,3,1,0
waterless skincare,0,0,0,0,1,10,1,0
yah,0,0,0,0,1,12,1,0
yang di batam,0,0,0,0,1,4,1,0
zinc oxide sunscreen lokal,0,0,0,0,1,12,1,0
maklon skincare surabaya,1,15,4.2,3,17,2.9411764705882355,2,2
apa itu maklon parfum,0,4,11,0,6,12,2,0
apa perbedaan toner dan micellar water,0,1,27,0,3,22,2,0
arti maklon parfum,0,2,6,0,4,7.75,2,0
bahan handbody racikan cepat putih,0,30,8.5,0,32,9.1875,2,0
cara buat hb racikan pemutih,0,3,8,0,5,8.8,2,0
cara buat racikan handbody pemutih,0,3,7.666666666666667,0,5,7.2,2,0
cara kerja affiliate skincare,0,2,15,0,4,9.5,2,0
cara membuat racikan hb dosting,0,1,6,0,3,7.666666666666667,2,0
handbody racikan,0,1,19,0,3,10.333333333333334,2,0
hb dosting itu apa,0,1,2,0,3,10.666666666666666,2,0
iklan tentang kecantikan,0,4,11,0,6,10.666666666666666,2,0
inspired parfum artinya,0,2,6,0,4,7,2,0
luluran kopi berapa menit,0,5,9.2,0,7,10,2,0
maklon kosmetik jakarta,0,1,22,0,3,5,2,0
maklon kosmetik medan,0,2,9,0,4,11,2,0
maklon kosmetik terbaik di indonesia,0,5,11.2,0,7,8.857142857142858,2,0
maklon parfum malang,0,2,4.5,0,4,4.25,2,0
manfaat astaxanthin untuk kulit,0,1,56,0,3,52,2,0
moisturizer sunscreen lokal,0,1,11,0,3,11,2,0
pabrik kosmetik di tangerang,0,2,23.5,0,4,23.75,2,0
perbedaan moisturizer dan cream,0,1,13,0,3,12.666666666666666,2,0
produksi skincare,0,3,8.333333333333332,0,5,6.8,2,0
pt kosmetik terbesar di indonesia,0,1,13,0,3,12.666666666666666,2,0
racik hb sendiri,0,3,9,0,5,9,2,0
resep handbody racikan sendiri,0,7,7.285714285714286,1,9,8.777777777777779,2,1
maklon body serum,0,0,0,1,2,6.5,2,1
maklon kosmetik terdekat,0,0,0,1,2,18.5,2,1
alcohol denat,0,0,0,0,2,32,2,0
alcohol parfum,0,0,0,0,2,10.5,2,0
alkohol parfum terbuat dari apa,0,0,0,0,2,11.5,2,0
apa arti inspired parfum,0,0,0,0,2,1,2,0
apa beda edp dan edt,0,0,0,0,2,12,2,0
apa itu edt parfum,0,0,0,0,2,28.5,2,0
apa itu parfum edt,0,0,0,0,2,10.5,2,0
apakah ginseng bisa menumbuhkan rambut,0,0,0,0,2,20.5,2,0
apakah harga menentukan kualitas produk pencerah?,0,0,0,0,2,5,2,0
apakah toner dan micellar water sama,0,0,0,0,2,22,2,0
biaya maklon parfum,0,0,0,0,2,18,2,0
bisnis kecantikan,0,0,0,0,2,51.5,2,0
bisnis kosmetik yang menjanjikan,0,0,0,0,2,5.5,2,0
cara buat hb,0,0,0,0,2,9,2,0
cara memutihkan badan secara alami dan cepat dalam 1 minggu,0,0,0,0,2,3,2,0
cara racik hb dosting sendiri mencerahkan kulit,0,0,0,0,2,9,2,0
contoh iklan produk skincare,0,0,0,0,2,11,2,0
ginseng untuk rambut,0,0,0,0,2,31,2,0
hardbox parfum,0,0,0,0,2,23,2,0
hb dosting yang bagus merk apa,0,0,0,0,2,3,2,0
iklan produk kecantikan,0,0,0,0,2,11,2,0
iklan produk skincare,0,0,0,0,2,9.5,2,0
kata kata promosi klinik kecantikan,0,0,0,0,2,14,2,0
keduanya,0,0,0,0,2,2,2,0
lip blush apakah halal,0,0,0,0,2,8,2,0
lulur kopi berapa menit,0,0,0,0,2,11,2,0
maklon kosmetik halal dan bpom,0,0,0,0,2,18.5,2,0
maklon kosmetik skala kecil,0,0,0,0,2,8,2,0
maklon tangerang,0,0,0,0,2,11,2,0
makloon parfum bandung,0,0,0,0,2,11,2,0
marketlab,0,0,0,0,2,49.5,2,0
memutihkan ketiak,0,0,0,0,2,45,2,0
nad+ skincare,0,0,0,0,2,8,2,0
pabrik parfum indonesia,0,0,0,0,2,5,2,0
pt david bintang jaya,0,0,0,0,2,52,2,0
racikan handbody agar cepat putih,0,0,0,0,2,9.5,2,0
racikan hb pemutih badan,0,0,0,0,2,8,2,0
revlon indonesia,0,0,0,0,2,46.5,2,0
viral beauty products 2026,0,0,0,0,2,8.5,2,0
where to get free samples,0,0,0,0,2,12.5,2,0
maklon skincare tangerang,1,9,4.333333333333334,0,12,4.583333333333334,3,-1
alkohol terbaik untuk parfum,0,2,5.5,0,5,8.2,3,0
apa arti hb dosting,0,11,9.545454545454545,0,14,9.071428571428571,3,0
cara membuat handbody racikan,0,2,10.5,0,5,7.8,3,0
contoh iklan kosmetik,0,1,12,0,4,3,3,0
cysteamine adalah,0,2,16.5,0,5,14,3,0
hb dosting,0,4,3,0,7,5,3,0
iklan perawatan kulit,0,1,20,0,4,13.75,3,0
iklan untuk makeup,0,5,10.2,0,8,8.625,3,0
jenis alkohol untuk parfum,0,9,10,0,12,6.5,3,0
maklon sabun organik,0,3,12.333333333333334,1,6,7.833333333333333,3,1
maklon shampoo,0,5,19.8,1,8,13,3,1
maklon skin care,0,1,36,0,4,31.5,3,0
moisturizer gel dan cream,0,1,6,0,4,8.25,3,0
pabrik kosmetik terbesar di indonesia,0,3,11.666666666666666,0,6,9.833333333333334,3,0
perbedaan gel dan cream,0,10,10.8,0,13,11.384615384615385,3,0
perbedaan micellar water dan toner,0,1,24,0,4,16.5,3,0
perusahaan skincare di indonesia,0,2,12,0,5,11.6,3,0
resep racikan hb pemutih,0,3,8.666666666666668,0,6,8,3,0
alkohol yang digunakan untuk parfum,0,0,0,0,3,7.666666666666667,3,0
apa itu dosting,0,0,0,0,3,10.666666666666666,3,0
campuran racikan handbody pemutih,0,0,0,0,3,10,3,0
cara membuat lulur untuk kulit dari handbody,0,0,0,0,3,9,3,0
edp dan edt,0,0,0,0,3,24.333333333333332,3,0
guna alkohol di parfum,0,0,0,0,3,11.666666666666666,3,0
handbody racikan sendiri untuk memutihkan kulit,0,0,0,0,3,6,3,0
hero ingredients,0,0,0,0,3,10.666666666666666,3,0
iklan untuk kosmetik,0,0,0,0,3,10.666666666666666,3,0
kata kata iklan skincare,0,0,0,0,3,9.666666666666666,3,0
kegunaan alkohol pada parfum,0,0,0,0,3,8,3,0
private label,0,0,0,0,3,46.666666666666664,3,0
roll on,0,0,0,0,3,57,3,0
skincare odm,0,0,0,0,3,5,3,0
toner dan micellar water apakah sama,0,0,0,0,3,24.666666666666668,3,0
maklon kosmetik terbaik,1,15,15.8,0,19,6.842105263157895,4,-1
cara membuat racikan handbody pemutih yang aman,0,4,8.75,0,8,8.25,4,0
cara meracik handbody agar kulit cepat putih,0,4,6.25,0,8,7.875,4,0
maklon parfum terbaik,0,1,9,2,5,6.6,4,2
pabrik skincare surabaya,0,2,8.5,1,6,2.5,4,1
racikan handbody pemutih yang aman,0,6,9.333333333333334,0,10,9.1,4,0
fungsi alkohol di parfum,0,0,0,0,4,11.25,4,0
maklon deodorant spray,0,0,0,0,4,5.75,4,0
racikan hb bikin putih,0,0,0,0,4,8.25,4,0
racikan hb yang ampuh memutihkan,0,0,0,0,4,7.25,4,0
maklon surabaya,1,8,2.875,1,13,4.230769230769231,5,0
alkohol buat parfum,0,2,11,0,7,10.428571428571429,5,0
alkohol khusus parfum,0,1,12,0,6,10.833333333333334,5,0
cara membuat handbody racikan sendiri,0,11,8.818181818181818,0,16,8.9375,5,0
cara meracik hb pemutih,0,3,7,0,8,8.25,5,0
daftar perusahaan maklon kosmetik,0,2,29,0,7,18.142857142857142,5,0
fungsi alkohol pada parfum,0,1,12,0,6,9.666666666666666,5,0
jasa maklon parfum,0,11,30.727272727272727,0,16,36.5625,5,0
panthenol untuk kulit kering,0,4,7,0,9,6.666666666666667,5,0
!!️resep handbody racikan cepat putih,0,0,0,0,5,10.2,5,0
perbedaan booster dan dosting,0,0,0,0,5,1,5,0
cara bikin hb dosting sendiri,1,7,5.142857142857143,0,13,6.3076923076923075,6,-1
dreamlab kosmetik,1,18,1,2,24,1,6,1
maklon deodorant,1,1,20,2,7,5.714285714285714,6,1
cara jadi owner parfum,0,1,11,0,7,10,6,0
hb pemutih racikan sendiri,0,1,7,0,7,6.571428571428571,6,0
iklan kecantikan,0,3,11.333333333333334,0,9,8.555555555555555,6,0
kata-kata promosi produk kecantikan,0,8,11.875,0,14,8,6,0
"""bodycare"" -site:reddit.com -site:twitter.com -site:x.com -site:wykop.pl -site:tripadvisor.com -site:youtube.com -site:yelp.com -site:booking.com -site:facebook.com -site:instagram.com -site:tiktok.com",0,0,0,0,6,6.833333333333333,6,0
bahan racikan hb dosting,0,0,0,0,6,8.833333333333332,6,0
handbody racikan pemutih buatan sendiri,0,0,0,0,6,8.5,6,0
kata-kata promosi skincare yang menarik,0,0,0,0,6,9.666666666666666,6,0
produk skincare trending indonesia 2026,0,0,0,0,6,6.666666666666667,6,0
maklon parfum bali,1,4,3.75,1,11,6.636363636363637,7,0
affiliate skincare kerjanya apa,0,2,8,0,9,9.555555555555555,7,0
cara bikin hb racikan,0,4,8.25,0,11,8.363636363636363,7,0
edp berapa persen,0,2,11,0,9,10.444444444444445,7,0
maklon,0,3,23,0,10,20,7,0
pabrik parfum surabaya,0,12,24.833333333333332,1,19,12.368421052631579,7,1
resep handbody racikan cepat putih,0,0,0,1,7,7.571428571428571,7,1
alkohol di parfum untuk apa,0,0,0,0,7,11.142857142857142,7,0
alkohol parfum,0,1,12,0,9,11.444444444444445,8,0
cara meracik body lotion untuk memutihkan,0,2,10.5,0,10,7.9,8,0
maklon parfum moq rendah,0,4,10,1,12,7.5,8,1
maklon skincare terbaik di indonesia,0,0,0,1,8,1.5,8,1
pabrik maklon skincare,0,13,12.846153846153847,0,22,17.09090909090909,9,0
biaya maklon kosmetik,0,0,0,0,9,20.22222222222222,9,0
edt adalah,0,3,12.333333333333334,0,13,10.76923076923077,10,0
racikan hb pemutih yang aman,0,1,3,0,11,9.363636363636363,10,0
iklan skincare,0,0,0,0,10,9,10,0
perbedaan hb dosting dan hb whitening,0,0,0,0,10,5.2,10,0
racikan pemutih badan,0,5,8.4,0,16,6.875,11,0
racikan body lotion untuk memutihkan kulit,0,0,0,0,11,9.181818181818182,11,0
racikan body care untuk memutihkan kulit,0,1,6,0,13,5.769230769230769,12,0
pabrik parfum,0,4,36.5,0,18,26.666666666666668,14,0
jasa maklon kosmetik,0,0,0,1,17,9.823529411764707,17,1
jasa maklon skincare,0,8,40.625,0,28,18.571428571428573,20,0
pheromone adalah,0,18,6.777777777777778,0,71,6.507042253521127,53,0
dosting adalah,0,39,10.35897435897436,0,96,7.958333333333333,57,0