url,initial_status,redirect_location,final_url,final_status,canonical,robots,title,h1,link_count,html_chars,error
https://dreamlab.id/,200,,https://dreamlab.id/,200,https://dreamlab.id/,"index, follow, max-image-preview:large, max-snippet:-1, max-video-preview:-1",Dreamlab | Maklon Kosmetik &amp; Parfum BPOM Terbaik - Wujudkan Brand Impian Anda,Jasa Maklon Skincare &amp; Kosmetik Terpercaya Indonesia,58,264090,
https://dreamlab.id/skincare-face-care/,200,,https://dreamlab.id/skincare-face-care/,200,https://dreamlab.id/skincare-face-care/,"index, follow, max-image-preview:large, max-snippet:-1, max-video-preview:-1",Dreamlab,,41,58024,
https://dreamlab.id/parfum/,200,,https://dreamlab.id/parfum/,200,https://dreamlab.id/parfum/,"index, follow, max-image-preview:large, max-snippet:-1, max-video-preview:-1",Dreamlab,,41,57528,
https://dreamlab.id/body-care/,200,,https://dreamlab.id/body-care/,200,https://dreamlab.id/body-care/,"index, follow, max-image-preview:large, max-snippet:-1, max-video-preview:-1",Dreamlab,,41,57479,
https://dreamlab.id/hair-care/,200,,https://dreamlab.id/hair-care/,200,https://dreamlab.id/hair-care/,"index, follow, max-image-preview:large, max-snippet:-1, max-video-preview:-1",Dreamlab,,41,57476,
https://dreamlab.id/baby-care/,200,,https://dreamlab.id/baby-care/,200,https://dreamlab.id/baby-care/,"index, follow, max-image-preview:large, max-snippet:-1, max-video-preview:-1",Dreamlab,,41,57477,
https://dreamlab.id/services/,200,,https://dreamlab.id/services/,200,https://dreamlab.id/services/,"index, follow, max-image-preview:large, max-snippet:-1, max-video-preview:-1",DREAMLAB | Layanan Pabrik Kosmetik Private Label Terlengkap,Solusi One-Stop Maklon Services,44,135858,
https://dreamlab.id/news-blog/,200,,https://dreamlab.id/news-blog/,200,https://dreamlab.id/news-blog/,"index, follow, max-image-preview:large, max-snippet:-1, max-video-preview:-1",Dreamlab Bisnis Kosmetik &amp; Skincare | Dreamlab,Temukan Wawasan Bisnis Kosmetik di Blog Kami,83,130153,
https://dreamlab.id/category/maklon-skincare/,308,/category/maklon-kosmetik/,https://dreamlab.id/category/maklon-kosmetik/,200,https://dreamlab.id/category/maklon-kosmetik/,"index, follow, max-image-preview:large, max-snippet:-1, max-video-preview:-1",Maklon Kosmetik Archives | Dreamlab Indonesia,Maklon Kosmetik,307,451690,
https://dreamlab.id/category/event/,404,,https://dreamlab.id/category/event/,404,,noindex,404 - Page Not Found | Dreamlab Maklon Kosmetik,,0,31926,
https://dreamlab.id/maklon-parfum/,308,/google-ads/maklon-parfum/,https://dreamlab.id/google-ads/maklon-parfum/,200,,"index, follow, max-image-preview:large, max-snippet:-1, max-video-preview:-1",Dreamlab | Maklon Kosmetik &amp; Parfum BPOM Terbaik Indonesia,Mau Buat Parfum Custom?,51,178712,
https://dreamlab.id/pabrik-parfum-surabaya/,308,/produk/parfum/,https://dreamlab.id/produk/parfum/,200,https://dreamlab.id/produk/parfum/,"index, follow, max-image-preview:large, max-snippet:-1, max-video-preview:-1",Maklon Parfum Custom &amp; Private Label,Jasa Maklon Parfum Premium BPOM &amp; Halal,50,177691,
https://dreamlab.id/tips-sukses-bisnis-parfum/,308,/bisnis-parfum-merk-sendiri/,https://dreamlab.id/bisnis-parfum-merk-sendiri/,200,https://dreamlab.id/bisnis-parfum-merk-sendiri/,"index, follow, max-image-preview:large, max-snippet:-1, max-video-preview:-1",Strategy Bisnis Parfum Sendiri | Modal Untuk Pemula,2 Cara Bisnis Parfum Merk Sendiri Strategi dan Cara Suksesnya,70,228035,
https://dreamlab.id/bahan-aktif-untuk-mengatasi-jerawat/,308,/bahan-aktif-skincare-jerawat/,https://dreamlab.id/bahan-aktif-skincare-jerawat/,200,https://dreamlab.id/bahan-aktif-skincare-jerawat/,"index, follow, max-image-preview:large, max-snippet:-1, max-video-preview:-1",Bahan Aktif Skincare yang Ampuh untuk Jerawat,5 Ingredient Aktif Terbaik untuk Wajah Berjerawat dari Dreamlab,65,233002,
https://dreamlab.id/cara-bisnis-skincare-dari-nol/,308,/bisnis-kosmetik-dari-nol/,https://dreamlab.id/bisnis-kosmetik-dari-nol/,200,https://dreamlab.id/bisnis-kosmetik-dari-nol/,"index, follow, max-image-preview:large, max-snippet:-1, max-video-preview:-1",Panduan Lengkap Bisnis Kosmetik,Bisnis Kosmetik dari Nol,63,228069,
https://dreamlab.id/about-us/alur-maklon/,200,,https://dreamlab.id/about-us/alur-maklon/,200,https://dreamlab.id/about-us/alur-maklon/,"index, follow, max-image-preview:large, max-snippet:-1, max-video-preview:-1",Alur Maklon | Dreamlab Indonesia,One Stop Maklon Kosmetik Terpercaya,42,118885,
https://dreamlab.id/academy-beautypreneur/,308,/category/dreampreneur-beauty-academy/,https://dreamlab.id/category/dreampreneur-beauty-academy/,200,https://dreamlab.id/category/dreampreneur-beauty-academy/,"noindex, follow, max-image-preview:large, max-snippet:-1, max-video-preview:-1",Dreampreneur Beauty Academy Archives - Dreamlab,Dreampreneur Beauty Academy,46,64064,
https://dreamlab.id/author/admin/,200,,https://dreamlab.id/author/admin/,200,https://dreamlab.id/author/admin/,"index, follow, max-image-preview:large, max-snippet:-1, max-video-preview:-1",Ide dan Tren Bisnis Kecantikan,Posts by Dreamlab Admin,42,55858,
https://dreamlab.id/author/admin/page/5/,308,/author/admin/,https://dreamlab.id/author/admin/,200,https://dreamlab.id/author/admin/,"index, follow, max-image-preview:large, max-snippet:-1, max-video-preview:-1",Ide dan Tren Bisnis Kecantikan,Posts by Dreamlab Admin,42,55858,
https://dreamlab.id/author/admin/page/7/,308,/author/admin/,https://dreamlab.id/author/admin/,200,https://dreamlab.id/author/admin/,"index, follow, max-image-preview:large, max-snippet:-1, max-video-preview:-1",Ide dan Tren Bisnis Kecantikan,Posts by Dreamlab Admin,42,55858,
https://dreamlab.id/author/admin/page/8/,308,/author/admin/,https://dreamlab.id/author/admin/,200,https://dreamlab.id/author/admin/,"index, follow, max-image-preview:large, max-snippet:-1, max-video-preview:-1",Ide dan Tren Bisnis Kecantikan,Posts by Dreamlab Admin,42,55858,
https://dreamlab.id/author/admin/page/9/,308,/author/admin/,https://dreamlab.id/author/admin/,200,https://dreamlab.id/author/admin/,"index, follow, max-image-preview:large, max-snippet:-1, max-video-preview:-1",Ide dan Tren Bisnis Kecantikan,Posts by Dreamlab Admin,42,55858,
https://dreamlab.id/bisnis-kosmetik-dari-nol/,200,,https://dreamlab.id/bisnis-kosmetik-dari-nol/,200,https://dreamlab.id/bisnis-kosmetik-dari-nol/,"index, follow, max-image-preview:large, max-snippet:-1, max-video-preview:-1",Panduan Lengkap Bisnis Kosmetik,Bisnis Kosmetik dari Nol,63,228069,
https://dreamlab.id/category/bisnis-men-grooming/,308,/category/maklon-kosmetik/,https://dreamlab.id/category/maklon-kosmetik/,200,https://dreamlab.id/category/maklon-kosmetik/,"index, follow, max-image-preview:large, max-snippet:-1, max-video-preview:-1",Maklon Kosmetik Archives | Dreamlab Indonesia,Maklon Kosmetik,307,451690,
https://dreamlab.id/category/dreamlabpedia/page/2/,308,/category/dreamlabpedia/,https://dreamlab.id/category/dreamlabpedia/,200,https://dreamlab.id/category/dreamlabpedia/,"index, follow, max-image-preview:large, max-snippet:-1, max-video-preview:-1",Bangun Bisnis Skincare Sendiri Bareng Dreamlab,Dreamlab Pedia,47,83359,
https://dreamlab.id/category/dreampreneur-beauty-academy/,200,,https://dreamlab.id/category/dreampreneur-beauty-academy/,200,https://dreamlab.id/category/dreampreneur-beauty-academy/,"noindex, follow, max-image-preview:large, max-snippet:-1, max-video-preview:-1",Dreampreneur Beauty Academy Archives - Dreamlab,Dreampreneur Beauty Academy,46,64064,
https://dreamlab.id/category/maklon-parfum/page/2/,308,/category/maklon-parfum/,https://dreamlab.id/category/maklon-kosmetik/,200,https://dreamlab.id/category/maklon-kosmetik/,"index, follow, max-image-preview:large, max-snippet:-1, max-video-preview:-1",Maklon Kosmetik Archives | Dreamlab Indonesia,Maklon Kosmetik,307,451690,
https://dreamlab.id/cms_block_cat/pop-up-form/,308,/,https://dreamlab.id/,200,https://dreamlab.id/,"index, follow, max-image-preview:large, max-snippet:-1, max-video-preview:-1",Dreamlab | Maklon Kosmetik &amp; Parfum BPOM Terbaik - Wujudkan Brand Impian Anda,Jasa Maklon Skincare &amp; Kosmetik Terpercaya Indonesia,58,264090,
https://dreamlab.id/contact-form-dreamlab/,308,/contact-us/,https://dreamlab.id/contact-us/,200,https://dreamlab.id/contact-us/,"index, follow, max-image-preview:large, max-snippet:-1, max-video-preview:-1",DREAMLAB | Jasa Maklon Kosmetik Surabaya Jawa Timur,Wujudkan Brand Impian Anda,45,82829,
https://dreamlab.id/dreampreneur-beauty-academy-surabaya-2026/,200,,https://dreamlab.id/dreampreneur-beauty-academy-surabaya-2026/,200,,"index, follow, max-image-preview:large, max-snippet:-1, max-video-preview:-1",404 - Page Not Found | Dreamlab Maklon Kosmetik,,41,56167,
https://dreamlab.id/e-floating-buttons/popup-website/,308,/,https://dreamlab.id/,200,https://dreamlab.id/,"index, follow, max-image-preview:large, max-snippet:-1, max-video-preview:-1",Dreamlab | Maklon Kosmetik &amp; Parfum BPOM Terbaik - Wujudkan Brand Impian Anda,Jasa Maklon Skincare &amp; Kosmetik Terpercaya Indonesia,58,264090,
https://dreamlab.id/flywheel-marketing-brand-skincare/,308,/news-blog/,https://dreamlab.id/news-blog/,200,https://dreamlab.id/news-blog/,"index, follow, max-image-preview:large, max-snippet:-1, max-video-preview:-1",Dreamlab Bisnis Kosmetik &amp; Skincare | Dreamlab,Temukan Wawasan Bisnis Kosmetik di Blog Kami,83,130153,
https://dreamlab.id/foot-care/,200,,https://dreamlab.id/foot-care/,200,https://dreamlab.id/foot-care/,"index, follow, max-image-preview:large, max-snippet:-1, max-video-preview:-1",Dreamlab,,41,57408,
https://dreamlab.id/https-dreamlab-id-dreamlab-visit-ici-2026/,308,/,https://dreamlab.id/,200,https://dreamlab.id/,"index, follow, max-image-preview:large, max-snippet:-1, max-video-preview:-1",Dreamlab | Maklon Kosmetik &amp; Parfum BPOM Terbaik - Wujudkan Brand Impian Anda,Jasa Maklon Skincare &amp; Kosmetik Terpercaya Indonesia,58,264090,
https://dreamlab.id/jasa-maklon-sabun-mandi-batang/,308,/jasa-maklon-bar-soap-merek-sendiri/,https://dreamlab.id/jasa-maklon-bar-soap-merek-sendiri/,200,https://dreamlab.id/jasa-maklon-bar-soap-merek-sendiri/,"index, follow, max-image-preview:large, max-snippet:-1, max-video-preview:-1",Buat Bar Soap Merek Sendiri BPOM &amp; MOQ Rendah,Jasa Maklon Bar Soap BPOM MOQ Fleksibel,62,228459,
https://dreamlab.id/maklon-bodycare-ads/,200,,https://dreamlab.id/maklon-bodycare-ads/,200,,"index, follow, max-image-preview:large, max-snippet:-1, max-video-preview:-1",404 - Page Not Found | Dreamlab Maklon Kosmetik,,41,56080,
https://dreamlab.id/maklon-bodymist/,200,,https://dreamlab.id/maklon-bodymist/,200,https://dreamlab.id/maklon-bodymist/,"index, follow, max-image-preview:large, max-snippet:-1, max-video-preview:-1",Cara Memulai Brand Body Mist dari Nol - Dreamlab,Cara Memulai Brand Body Mist dari Nol,66,228293,
https://dreamlab.id/maklon-face-mist/,308,/produk/skincare/,https://dreamlab.id/produk/skincare/,200,https://dreamlab.id/produk/skincare/,"index, follow, max-image-preview:large, max-snippet:-1, max-video-preview:-1",DREAMLAB | Jasa maklon Skincare Free Custom Formula,Jasa Maklon Skincare Premium BPOM &amp; Halal,51,258789,
https://dreamlab.id/maklon-kosmetik-jakarta-dreamlab-2026/,308,/maklon-jakarta-terbaik/,https://dreamlab.id/maklon-jakarta-terbaik/,200,https://dreamlab.id/maklon-jakarta-terbaik/,"index, follow, max-image-preview:large, max-snippet:-1, max-video-preview:-1",Maklon Jakarta Terbaik ? Pabrik Skincare Berstandar CPKB,Pabrik Skincare Jakarta Berstandar CPKB,69,237141,
https://dreamlab.id/maklon-kosmetik-parfum-tangerang/,308,/maklon-kosmetik-tangerang-terpercaya/,https://dreamlab.id/maklon-kosmetik-tangerang-terpercaya/,200,https://dreamlab.id/maklon-kosmetik-tangerang-terpercaya/,"index, follow, max-image-preview:large, max-snippet:-1, max-video-preview:-1",Maklon Kosmetik Tangerang: Solusi Produksi Kosmetik Terpercaya,Maklon Kosmetik Tangerang: Solusi Produksi Kosmetik Terpercaya,72,224955,
https://dreamlab.id/maklon-kosmetik-terbaik-bahasa/,200,,https://dreamlab.id/maklon-kosmetik-terbaik-bahasa/,200,,"index, follow, max-image-preview:large, max-snippet:-1, max-video-preview:-1",404 - Page Not Found | Dreamlab Maklon Kosmetik,,41,56102,
https://dreamlab.id/maklon-kosmetik-terbaik-english/,308,/,https://dreamlab.id/,200,https://dreamlab.id/,"index, follow, max-image-preview:large, max-snippet:-1, max-video-preview:-1",Dreamlab | Maklon Kosmetik &amp; Parfum BPOM Terbaik - Wujudkan Brand Impian Anda,Jasa Maklon Skincare &amp; Kosmetik Terpercaya Indonesia,58,264090,
https://dreamlab.id/maklon-moisturizer-bpom-dreamlab/,308,/produk/skincare/,https://dreamlab.id/produk/skincare/,200,https://dreamlab.id/produk/skincare/,"index, follow, max-image-preview:large, max-snippet:-1, max-video-preview:-1",DREAMLAB | Jasa maklon Skincare Free Custom Formula,Jasa Maklon Skincare Premium BPOM &amp; Halal,51,258789,
https://dreamlab.id/maklon-parfum-bpom-indonesia-strategi-bisnis/,308,/maklon-parfum-dreamlab/,https://dreamlab.id/maklon-parfum-dreamlab/,200,https://dreamlab.id/maklon-parfum-dreamlab/,"index, follow, max-image-preview:large, max-snippet:-1, max-video-preview:-1",Pabrik Maklon Parfum Expert di Jawa Timur Dreamlab -,Pabrik Maklon Parfum Expert di Jawa Timur Dreamlab,62,223784,
https://dreamlab.id/maklon-parfum-jakarta/,308,/pabrik-parfum-jakarta/,https://dreamlab.id/pabrik-parfum-jakarta/,200,https://dreamlab.id/pabrik-parfum-jakarta/,"index, follow, max-image-preview:large, max-snippet:-1, max-video-preview:-1",Pabrik Parfum Jakarta Terpercaya Produksi Cepat,Pabrik Parfum Jakarta Solusi Brand Parfummu,62,222348,
https://dreamlab.id/maklon-scalp-haircare-bisnis-produk-rambut-sehat/,308,/pabrik-shampoo-merek-sendiri/,https://dreamlab.id/pabrik-shampoo-merek-sendiri/,200,https://dreamlab.id/pabrik-shampoo-merek-sendiri/,"index, follow, max-image-preview:large, max-snippet:-1, max-video-preview:-1",Pabrik Shampoo Untuk Merek Sendiri | MOQ Rendah,Pabrik Shampoo untuk Merek Sendiri Dengan Mudah,64,228394,
https://dreamlab.id/maklon-skincare-surabaya-umkm/,308,/pabrik-maklon-kosmetik-surabaya-terlengkap/,https://dreamlab.id/pabrik-maklon-kosmetik-surabaya-terlengkap/,200,https://dreamlab.id/pabrik-maklon-kosmetik-surabaya-terlengkap/,"index, follow, max-image-preview:large, max-snippet:-1, max-video-preview:-1",Pabrik Maklon Skincare Surabaya Terlengkap &amp; Berlegalitas BPOM,Pabrik Maklon Skincare Surabaya Terlengkap &amp; Berlegalitas BPOM,64,225561,
https://dreamlab.id/maklon-skincare-untuk-brand-baru/,308,/maklon-kosmetik-pemula-modal-kecil/,https://dreamlab.id/maklon-kosmetik-pemula-modal-kecil/,200,https://dreamlab.id/maklon-kosmetik-pemula-modal-kecil/,"index, follow, max-image-preview:large, max-snippet:-1, max-video-preview:-1","Bisnis Kosmetik Tanpa Ribet, Hasil Pasti Sukses","Bisnis Kosmetik Tanpa Ribet, Hasil Pasti Sukses",70,235935,
https://dreamlab.id/memunculkan-keranjang-reels/,308,/news-blog/,https://dreamlab.id/news-blog/,200,https://dreamlab.id/news-blog/,"index, follow, max-image-preview:large, max-snippet:-1, max-video-preview:-1",Dreamlab Bisnis Kosmetik &amp; Skincare | Dreamlab,Temukan Wawasan Bisnis Kosmetik di Blog Kami,83,130153,
https://dreamlab.id/pabrik-parfum-makasar/,308,/maklon-parfum-makassar/,https://dreamlab.id/maklon-parfum-makassar/,200,https://dreamlab.id/maklon-parfum-makassar/,"index, follow, max-image-preview:large, max-snippet:-1, max-video-preview:-1",Tempat Produksi Parfum untuk Brandmu di Makassar,Tempat Produksi Parfum untuk Brandmu di Makassar,70,227385,
https://dreamlab.id/pabrik-parfum-surabaya-biaya-2026/,308,/produk/parfum/,https://dreamlab.id/produk/parfum/,200,https://dreamlab.id/produk/parfum/,"index, follow, max-image-preview:large, max-snippet:-1, max-video-preview:-1",Maklon Parfum Custom &amp; Private Label,Jasa Maklon Parfum Premium BPOM &amp; Halal,50,177691,
https://dreamlab.id/perusahaan-maklon-kosmetik/,200,,https://dreamlab.id/perusahaan-maklon-kosmetik/,200,https://dreamlab.id/perusahaan-maklon-kosmetik/,"index, follow, max-image-preview:large, max-snippet:-1, max-video-preview:-1",Perusahaan Maklon Kosmetik Terpercaya Indonesia,Perusahaan Maklon Kosmetik Terpercaya untuk Brand Anda,67,237374,
https://dreamlab.id/prediksi-tren-2026/,308,/8-tren-kecantikan-2026-smart-formula/,https://dreamlab.id/8-tren-kecantikan-2026-smart-formula/,200,https://dreamlab.id/8-tren-kecantikan-2026-smart-formula/,"index, follow, max-image-preview:large, max-snippet:-1, max-video-preview:-1",8 Tren Kecantikan 202 Inovasi Smart Formula,Tren Skincare 2026 “Smart Formula” Akan Mendominasi Pasar Kosmetik Indonesia,69,227674,
https://dreamlab.id/produk-haircare-yang-sedang-tren/,308,/produk/haircare/,https://dreamlab.id/produk/haircare/,200,https://dreamlab.id/produk/haircare/,"index, follow, max-image-preview:large, max-snippet:-1, max-video-preview:-1",Jasa Maklon Haircare BPOM &amp; Halal Terdekat | Dreamlab,Jasa Maklon Hair Care Premium BPOM &amp; Halal,54,205343,
https://dreamlab.id/rahasia-maklon-parfum-jakarta/,308,/pabrik-parfum-jakarta/,https://dreamlab.id/pabrik-parfum-jakarta/,200,https://dreamlab.id/pabrik-parfum-jakarta/,"index, follow, max-image-preview:large, max-snippet:-1, max-video-preview:-1",Pabrik Parfum Jakarta Terpercaya Produksi Cepat,Pabrik Parfum Jakarta Solusi Brand Parfummu,62,222348,
https://dreamlab.id/shop/,308,/produk/,https://dreamlab.id/produk/,200,,"index, follow, max-image-preview:large, max-snippet:-1, max-video-preview:-1",404 - Page Not Found | Dreamlab Maklon Kosmetik,,41,56054,
https://dreamlab.id/thankyou-page/,308,/thankyou/google/,https://dreamlab.id/thankyou/google/,200,,"index, follow, max-image-preview:large, max-snippet:-1, max-video-preview:-1",Dreamlab | Maklon Kosmetik &amp; Parfum BPOM Terbaik Indonesia,Terima Kasih!,42,60044,
https://dreamlab.id/thankyoupage-google/,308,/,https://dreamlab.id/,200,https://dreamlab.id/,"index, follow, max-image-preview:large, max-snippet:-1, max-video-preview:-1",Dreamlab | Maklon Kosmetik &amp; Parfum BPOM Terbaik - Wujudkan Brand Impian Anda,Jasa Maklon Skincare &amp; Kosmetik Terpercaya Indonesia,58,264090,
https://dreamlab.id/tren-parfum-arab-bisnis-maklon-dreamlab/,308,/produk-viral-tiktok/,https://dreamlab.id/produk-viral-tiktok/,200,https://dreamlab.id/produk-viral-tiktok/,"index, follow, max-image-preview:large, max-snippet:-1, max-video-preview:-1",Produk Viral TikTok Jadi Nyata di Lab,Dari TikTok ke Laboratorium Bagaimana Produk Viral Jadi Nyata,81,244730,
https://dreamlab.id/panduan/,200,,https://dreamlab.id/panduan/,200,https://dreamlab.id/panduan/,"index, follow",Panduan Maklon Skincare dan Kosmetik | Dreamlab,Panduan maklon skincare dan kosmetik untuk batch pertama,45,62917,
https://dreamlab.id/about-us/,200,,https://dreamlab.id/about-us/,200,https://dreamlab.id/about-us/,"index, follow, max-image-preview:large, max-snippet:-1, max-video-preview:-1",Dreamlab | Jasa Maklon Skincare &amp; Parfum BPOM Indonesia,Wujudkan Brand Kosmetik dalam 3 Bulan,45,161489,
https://dreamlab.id/contact-us/,200,,https://dreamlab.id/contact-us/,200,https://dreamlab.id/contact-us/,"index, follow, max-image-preview:large, max-snippet:-1, max-video-preview:-1",DREAMLAB | Jasa Maklon Kosmetik Surabaya Jawa Timur,Wujudkan Brand Impian Anda,45,82829,
https://dreamlab.id/contact-medsos/,200,,https://dreamlab.id/contact-medsos/,200,https://dreamlab.id/contact-medsos/,"index, follow",Dreamlab Indonesia | Layanan Maklon Kosmetik &amp; Parfum Premium,,48,68766,
https://dreamlab.id/our-client/,200,,https://dreamlab.id/our-client/,200,https://dreamlab.id/our-client/,"index, follow, max-image-preview:large, max-snippet:-1, max-video-preview:-1",DREAMLAB | Berikut 500++ Client Percaya produksi di Dreamlab,,42,126010,
https://dreamlab.id/career/,200,,https://dreamlab.id/career/,200,https://dreamlab.id/career/,"index, follow, max-image-preview:large, max-snippet:-1, max-video-preview:-1",Career | Dreamlab Indonesia,Berkarya. Bertumbuh. Berdampak.,43,77126,
https://dreamlab.id/terms-of-service/,200,,https://dreamlab.id/terms-of-service/,200,https://dreamlab.id/terms-of-service/,"index, follow, max-image-preview:large, max-snippet:-1, max-video-preview:-1",Terms of Service | Dreamlab Maklon Kosmetik,Terms of Service,42,64419,
https://dreamlab.id/privacy-policy/,200,,https://dreamlab.id/privacy-policy/,200,https://dreamlab.id/privacy-policy/,"index, follow, max-image-preview:large, max-snippet:-1, max-video-preview:-1",Privacy Policy | Dreamlab Maklon Kosmetik,Privacy Policy,43,63890,
https://dreamlab.id/category/maklon-kosmetik/,200,,https://dreamlab.id/category/maklon-kosmetik/,200,https://dreamlab.id/category/maklon-kosmetik/,"index, follow, max-image-preview:large, max-snippet:-1, max-video-preview:-1",Maklon Kosmetik Archives | Dreamlab Indonesia,Maklon Kosmetik,307,451690,
https://dreamlab.id/category/panduan-bisnis-kosmetik/,200,,https://dreamlab.id/category/panduan-bisnis-kosmetik/,200,https://dreamlab.id/category/panduan-bisnis-kosmetik/,"index, follow, max-image-preview:large, max-snippet:-1, max-video-preview:-1",Panduan Bisnis Kosmetik Archives | Dreamlab Indonesia,Panduan Bisnis Kosmetik,322,470323,
https://dreamlab.id/cara-hitunghpp-produk-kosmeti/,200,,https://dreamlab.id/cara-hitunghpp-produk-kosmeti/,200,https://dreamlab.id/cara-hitunghpp-produk-kosmeti/,"index, follow, max-image-preview:large, max-snippet:-1, max-video-preview:-1",Cara Hitung HPP Produk Kosmetik Agar Profit Maksimal,Cara Hitung HPP Produk Kosmetik Agar Profit Maksimal,63,239871,
https://dreamlab.id/cara-membuat-deodorant-balm-custom/,200,,https://dreamlab.id/cara-membuat-deodorant-balm-custom/,200,https://dreamlab.id/cara-membuat-deodorant-balm-custom/,"index, follow, max-image-preview:large, max-snippet:-1, max-video-preview:-1",Peluang Bisnis &amp; Cara Membuat Deodorant Balm Custom,Peluang Bisnis Deodorant Balm Anti Ribet,72,236984,
https://dreamlab.id/perbedaan-oem-vs-odm/,200,,https://dreamlab.id/perbedaan-oem-vs-odm/,200,https://dreamlab.id/perbedaan-oem-vs-odm/,"index, follow, max-image-preview:large, max-snippet:-1, max-video-preview:-1",OEM vs ODM: Mana yang Cocok untuk Brand pemula,OEM vs ODM Mana yang Lebih Cocok untuk Brand Skincare Pemula,62,229534,
https://dreamlab.id/panduan-maklon-deodorant-bpom/,200,,https://dreamlab.id/panduan-maklon-deodorant-bpom/,200,https://dreamlab.id/panduan-maklon-deodorant-bpom/,"index, follow, max-image-preview:large, max-snippet:-1, max-video-preview:-1",Panduan membuat Deodorant BPOM &amp; Proses Cepat,Cara membuat deodoran BPOM yang diksukai konsumen,74,236393,
https://dreamlab.id/jasa-maklon-lipstik-bpom-terpercaya/,200,,https://dreamlab.id/jasa-maklon-lipstik-bpom-terpercaya/,200,https://dreamlab.id/jasa-maklon-lipstik-bpom-terpercaya/,"index, follow, max-image-preview:large, max-snippet:-1, max-video-preview:-1",Maklon Lipstik BPOM MOQ Terjangkau &amp; Formula Eksklusif,Maklon Brand Lipstik BPOM dengan MOQ Rendah,68,235091,
https://dreamlab.id/peluang-bisnis-skincare-irt/,200,,https://dreamlab.id/peluang-bisnis-skincare-irt/,200,https://dreamlab.id/peluang-bisnis-skincare-irt/,"index, follow, max-image-preview:large, max-snippet:-1, max-video-preview:-1",Peluang Bisnis Skincare Ibu Rumah Tangga: Modal Kecil,Peluang Bisnis Skincare Ibu Rumah Tangga dengan Modal Kecil,65,224896,
https://dreamlab.id/maklon-kosmetik-kediri/,200,,https://dreamlab.id/maklon-kosmetik-kediri/,200,https://dreamlab.id/maklon-kosmetik-kediri/,"index, follow, max-image-preview:large, max-snippet:-1, max-video-preview:-1",Maklon Kosmetik Kediri: Cara Mudah Bikin Brand Sendiri,Maklon Kosmetik Kediri Bikin Produkmu Makin Mudah,63,226852,
https://dreamlab.id/penyebab-ingrown-hair/,200,,https://dreamlab.id/penyebab-ingrown-hair/,200,https://dreamlab.id/penyebab-ingrown-hair/,"index, follow, max-image-preview:large, max-snippet:-1, max-video-preview:-1",Ingrown Hair Penyebab &amp; Rekomendasi Produk,Ingrown Hair Penyebab dan Rekomendasi Produk untuk Mengatasinya,70,236872,
https://dreamlab.id/jasa-maklon-bar-soap-merek-sendiri/,200,,https://dreamlab.id/jasa-maklon-bar-soap-merek-sendiri/,200,https://dreamlab.id/jasa-maklon-bar-soap-merek-sendiri/,"index, follow, max-image-preview:large, max-snippet:-1, max-video-preview:-1",Buat Bar Soap Merek Sendiri BPOM &amp; MOQ Rendah,Jasa Maklon Bar Soap BPOM MOQ Fleksibel,62,228454,
https://dreamlab.id/category/dreamlabpedia/,200,,https://dreamlab.id/category/dreamlabpedia/,200,https://dreamlab.id/category/dreamlabpedia/,"index, follow, max-image-preview:large, max-snippet:-1, max-video-preview:-1",Bangun Bisnis Skincare Sendiri Bareng Dreamlab,Dreamlab Pedia,47,83359,
https://dreamlab.id/lulur-vs-hb-dosting/,200,,https://dreamlab.id/lulur-vs-hb-dosting/,200,https://dreamlab.id/lulur-vs-hb-dosting/,"index, follow, max-image-preview:large, max-snippet:-1, max-video-preview:-1",Perbedaan Lulur vs HB Dosting Mana Lebih Efektif,Lulur vs HB Dosting Mana yang Lebih Cepat Mencerahkan Kulit?,66,235145,
https://dreamlab.id/asa-maklon-antiperspirant-terpercaya/,200,,https://dreamlab.id/asa-maklon-antiperspirant-terpercaya/,200,https://dreamlab.id/asa-maklon-antiperspirant-terpercaya/,"index, follow, max-image-preview:large, max-snippet:-1, max-video-preview:-1",Jasa Maklon Antiperspirant BPOM &amp; MOQ FLeksibel,Buat Brand Antiperspirant Sendiri dengan Custom Furmula,63,227078,
https://dreamlab.id/pabrik-shampoo-merek-sendiri/,200,,https://dreamlab.id/pabrik-shampoo-merek-sendiri/,200,https://dreamlab.id/pabrik-shampoo-merek-sendiri/,"index, follow, max-image-preview:large, max-snippet:-1, max-video-preview:-1",Pabrik Shampoo Untuk Merek Sendiri | MOQ Rendah,Pabrik Shampoo untuk Merek Sendiri Dengan Mudah,64,228253,
https://dreamlab.id/pabrik-parfum-jakarta/,200,,https://dreamlab.id/pabrik-parfum-jakarta/,200,https://dreamlab.id/pabrik-parfum-jakarta/,"index, follow, max-image-preview:large, max-snippet:-1, max-video-preview:-1",Pabrik Parfum Jakarta Terpercaya Produksi Cepat,Pabrik Parfum Jakarta Solusi Brand Parfummu,62,222484,
https://dreamlab.id/cara-membuat-lulur-ampas-kopi/,200,,https://dreamlab.id/cara-membuat-lulur-ampas-kopi/,200,https://dreamlab.id/cara-membuat-lulur-ampas-kopi/,"index, follow, max-image-preview:large, max-snippet:-1, max-video-preview:-1",Cara Membuat Lulur Ampas Kopi untuk Kulit Halus,Cara Membuat Lulur Ampas Kopi dan Manfaatnya untuk Kulit,65,227145,
https://dreamlab.id/bahan-aktif-skincare-jerawat/,200,,https://dreamlab.id/bahan-aktif-skincare-jerawat/,200,https://dreamlab.id/bahan-aktif-skincare-jerawat/,"index, follow, max-image-preview:large, max-snippet:-1, max-video-preview:-1",Bahan Aktif Skincare yang Ampuh untuk Jerawat,5 Ingredient Aktif Terbaik untuk Wajah Berjerawat dari Dreamlab,65,232997,
https://dreamlab.id/bisnis-skincare-glow-glasskin-cystamine/,200,,https://dreamlab.id/bisnis-skincare-glow-glasskin-cystamine/,200,https://dreamlab.id/bisnis-skincare-glow-glasskin-cystamine/,"index, follow, max-image-preview:large, max-snippet:-1, max-video-preview:-1",Bisnis Skincare Glow Glasskin Promo 600 PCS Free BPM,Inovasi Bisnis Skincare Glow Glasskin Setara Efek Hydroquinone,67,228406,
https://dreamlab.id/maklon-kosmetik-tangerang-terpercaya/,200,,https://dreamlab.id/maklon-kosmetik-tangerang-terpercaya/,200,https://dreamlab.id/maklon-kosmetik-tangerang-terpercaya/,"index, follow, max-image-preview:large, max-snippet:-1, max-video-preview:-1",Maklon Kosmetik Tangerang: Solusi Produksi Kosmetik Terpercaya,Maklon Kosmetik Tangerang: Solusi Produksi Kosmetik Terpercaya,72,224950,
https://dreamlab.id/jasa-maklon-kosmetik-bandung/,200,,https://dreamlab.id/jasa-maklon-kosmetik-bandung/,200,https://dreamlab.id/jasa-maklon-kosmetik-bandung/,"index, follow, max-image-preview:large, max-snippet:-1, max-video-preview:-1",Jasa Maklon Kosmetik Bandung | Sistem Fleksibel &amp; Low MOQ,Jasa Maklon Kosmetik Bandung Low MOQ Untuk Pemula,66,224927,
https://dreamlab.id/pabrik-maklon-kosmetik-sidoarjo-dreamlab/,200,,https://dreamlab.id/pabrik-maklon-kosmetik-sidoarjo-dreamlab/,200,https://dreamlab.id/pabrik-maklon-kosmetik-sidoarjo-dreamlab/,"index, follow, max-image-preview:large, max-snippet:-1, max-video-preview:-1",Pabrik Maklon Kosmetik Sidoarjo Terlengkap &amp; Berlegalitas,Pabrik Maklon Kosmetik Sidoarjo Bangun Brand Viral,64,222756,
https://dreamlab.id/urutan-pabrik-skincare-terbaik-indonesia/,200,,https://dreamlab.id/urutan-pabrik-skincare-terbaik-indonesia/,200,https://dreamlab.id/urutan-pabrik-skincare-terbaik-indonesia/,"index, follow, max-image-preview:large, max-snippet:-1, max-video-preview:-1",Urutan Pabrik Skincare Terbaik di Indonesia 2026 | Maklon No. 1,Urutan Pabrik Skincare Terbaik di Indonesia Update 2026,65,231802,
https://dreamlab.id/formulasi-witch-hazel/,200,,https://dreamlab.id/formulasi-witch-hazel/,200,https://dreamlab.id/formulasi-witch-hazel/,"index, follow, max-image-preview:large, max-snippet:-1, max-video-preview:-1",Buat Produk Viral dengan Bahan Aktif Witch Hazel,Bikin Produk Viral Formulasi Witch Hazel untuk Kulit Berminyak,68,230260,
https://dreamlab.id/cara-menentukan-harga-jual-produk-kosmetik/,200,,https://dreamlab.id/cara-menentukan-harga-jual-produk-kosmetik/,200,https://dreamlab.id/cara-menentukan-harga-jual-produk-kosmetik/,"index, follow, max-image-preview:large, max-snippet:-1, max-video-preview:-1",Cara Menentukan Harga Jual Skincare | Lengkap + Simulasi,Cara Menentukan Harga Jual Produk Kosmetik,71,235884,
https://dreamlab.id/ide-bisnis-kosmetik-2026/,200,,https://dreamlab.id/ide-bisnis-kosmetik-2026/,200,https://dreamlab.id/ide-bisnis-kosmetik-2026/,"index, follow, max-image-preview:large, max-snippet:-1, max-video-preview:-1",5 Rekomendasi Ide Bisnis Kosmetik yang Menjanjikan,Temukan 5 Rekomendasi Ide Bisnis Produk Kosmetik yang Menjanjikan,79,249812,
https://dreamlab.id/cara-membuka-offline-store-kosmetik-2026/,200,,https://dreamlab.id/cara-membuka-offline-store-kosmetik-2026/,200,https://dreamlab.id/cara-membuka-offline-store-kosmetik-2026/,"index, follow, max-image-preview:large, max-snippet:-1, max-video-preview:-1",Cara Sukses Membuka Offline Store Kosmetik 2026,Cara Sukses Membangun Offline Store Kosmetik 2026,77,255106,