query,n_pages,clicks,impressions
dreamlab,127,859,16495
dreamlab kosmetik,80,89,5222
pt karya impian laboratoris,119,150,5072
dreamlab surabaya,55,71,4865
dream lab,19,188,2894
maklon skincare terbaik,13,14,2518
maklon parfum surabaya,15,62,1861
parfum inspired artinya,7,0,1830
inspired parfum artinya,7,2,1466
inspired parfum adalah,7,0,1372
maklon kosmetik surabaya,9,29,1365
karya impian laboratoris,22,68,1283
maklon parfum,21,12,1159
maklon skincare surabaya,13,18,1114
maklon skincare,18,4,1084
cara memunculkan keranjang di instagram,2,80,1024
maklon skincare baby,28,1,989
pabrik skincare,8,3,975
maklon kosmetik terbaik,12,4,918
pt karya impian laboratoris surabaya,15,23,896
maklon kosmetik,12,9,842
pabrik kosmetik surabaya,9,3,828
pabrik parfum,9,13,764
maklon foot care,31,4,760
maklon hair care,13,1,755
maklon parfum bali,8,21,723
maklon kosmetik jawa timur,11,13,723
perusahaan skincare terbesar di indonesia,5,3,666
maklon parfum terbaik,10,9,644
maklon body care,5,2,640
maklon skincare jakarta,10,2,629
pabrik parfum surabaya,11,7,624
maklon skincare pria,8,0,622
hb dosting adalah,2,3,618
perkembangan industri kecantikan di indonesia 2025,10,27,616
maklon sabun baby,18,0,586
maklon skincare terbaik di indonesia,7,8,566
kata-kata promosi produk kecantikan,4,4,548
maklon perawatan kulit kepala,14,0,548
data pertumbuhan industri kosmetik di indonesia 2025,3,52,535
maklon pkrt,5,53,524
maklon body mist,13,1,509
maklon bodycare,17,5,504
maklon skincare bandung,5,3,504
maklon krim kaki,8,0,476
hb dosting,2,1,472
maklon surabaya,9,15,470
parfum inspired adalah,7,0,468
maklon kosmetik jakarta,10,2,459
affiliate skincare,2,0,455
cara membuat hb dosting,5,7,441
perbedaan moisturizer gel dan cream,4,1,431
maklon pelembap bayi,14,0,405
maklon shampoo,12,4,401
pabrik kosmetik,7,0,400
maklon terbaik di indonesia,8,2,400
maklon parfum moq rendah,10,17,399
maklon parfum jakarta,8,17,390
maklon perawatan kulit untuk ibu hamil,5,0,369
contoh iklan kecantikan,4,1,368
maklon masker organik,5,0,361
keranjang kuning instagram,2,9,360
jasa maklon parfum,13,2,358
cara memunculkan tautan produk di instagram,2,25,350
cara meracik hb dosting sendiri,7,3,342
perusahaan kosmetik di surabaya,9,4,336
pabrik skincare di indonesia,5,0,328
maklon kosmetik bandung,4,4,321
cara masukin keranjang di instagram,2,17,318
pabrik maklon kosmetik surabaya,7,2,316
cara membuat handbody racikan putih permanen,3,2,305
maklon kosmetik tangerang,5,0,289
perbedaan moisturizer cream dan gel,4,1,286
maklon kosmetik terbaik di indonesia,9,1,283
dosting adalah,2,0,278
data penjualan skincare di indonesia 2025,3,9,276
biaya maklon kosmetik,4,0,275
cara meracik hb pemutih yang aman,3,0,273
cara buat hb dosting sendiri,6,0,273
maklon sampo bayi,14,0,264
racikan handbody pemutih,3,0,264
maklon body wash,10,0,259
maklon body butter,10,0,252
maklon body scrub,7,0,248
maklon gel rambut,12,0,247
contoh iklan produk kecantikan,5,0,245
maklon parfum terdekat,17,1,243
maklon kosmetik bali,12,2,242
perusahaan skincare di indonesia,9,1,241
maklon kosmetik sidoarjo,5,4,240
pabrik parfum jakarta,3,5,238
maklon serum rambut,9,0,231
tren parfum 2026,3,1,225
cara meracik hb dosting,5,1,225
maklon pelembap,11,0,224
iklan kecantikan,4,1,223
dreamlabs,10,4,223
maklon skin care,7,0,216
pabrik skincare terbesar di indonesia,6,1,213
maklon perawatan jerawat,7,0,208
pabrik kosmetik sidoarjo,4,4,207
maklon losion bayi,5,0,203
apa itu hb dosting,2,2,203
kol beauty adalah,7,0,201
maklon sunscreen,7,2,200
maklon parfum jawa timur,8,8,200
pabrik parfum surabaya pt maklon kosmetik indonesia,6,1,199
maklon parfum terbaik di indonesia,7,0,197
maklon masker rambut,9,0,194
pabrik kosmetik tangerang,4,0,194
pt karya impian laboratoris (dreamlab) - pabrik pasuruan,11,0,194
maklon skincare sidoarjo,5,1,180
maklon bedak bayi,6,0,179
maklon babycare,3,0,178
maklon kosmetik halal dan bpom,8,0,176
maklon sampo,12,0,176
cara tambah keranjang di instagram,2,13,175
cara buat keranjang di instagram,2,5,174
keuntungan menggunakan maklon kosmetik,3,0,174
maklon moq rendah,4,1,171
maklon parfum malang,3,5,171
perusahaan kosmetik terbesar di indonesia,5,1,169
pt skincare di indonesia,6,0,166
perbedaan gel dan cream,4,1,166
maklon lipstik,2,0,162
parfum trend 2026,3,1,160
iklan tentang kecantikan,4,0,159
iklan untuk produk kosmetik,3,0,158
maklon sabun mandi bayi,10,0,156
maklon krim mata,5,0,154
jasa maklon skincare,9,0,153
maklon parfume,11,2,152
maklon,8,0,151
bloomlab surabaya,2,0,149
maklon face mist,8,0,147
inovasi skincare,3,0,146
maklon parfum makassar,5,2,145
data pertumbuhan industri kosmetik di indonesia,2,9,145
maklon sabun pemutih (pencerah),7,0,144
cara optimasi tiktok shop,6,0,142
keuntungan menggunakan jasa maklon kosmetik,3,0,141
maklon skincare organik natural,8,0,140
cara membuat handbody racikan sendiri,3,0,139
tren bisnis kecantikan,4,0,136
maklon body lotion,6,0,135
beda edp dan edt,2,0,133
produsen skincare,6,0,132
pabrik skincare surabaya,7,4,130
maklon handbody,5,0,130
iklan skincare bahasa inggris,2,0,129
maklon krim cukur,4,0,129
cara membuat masker bubuk home industri,2,0,128
maklon reed diffuser,3,11,128
maklon parfum tangerang,3,2,128
maklon sunblock,6,0,127
maklon serum,10,2,124
pabrik maklon skincare,10,0,121
arti inspired parfum,7,0,120
triszie lab indonesia-maklon skincare & kosmetik,9,0,120
cara meracik hb sendiri,3,1,117
bisnis skincare untuk pemula,2,0,117
pabrik kosmetik di surabaya,4,0,116
pabrik kosmetik terbesar di indonesia,5,1,116
racikan handbody pemutih yang aman,3,0,116
cara bikin hb dosting sendiri,6,1,115
tren sunscreen,2,0,115
cara meracik handbody pemutih yang aman,3,2,114
cara membuat masker organik bubuk,2,0,113
maklon kosmetik malang,5,1,113
the dream lab,14,1,111
maklon kosmetik makassar,3,6,110
maklon tonik rambut,7,0,108
maklon parfum bpom,14,0,106
target pasar skincare,2,0,106
buat brand kosmetik sendiri,4,0,105
kata kata promosi produk kecantikan,4,0,103
pabrik maklon skincare terbaik,5,0,102
jasa maklon kosmetik terbaik,3,0,100
maklon minyak bayi,6,0,100
pabrik parfum di indonesia,6,1,99
cara maklon kosmetik,5,0,97
iklan produk kecantikan,3,0,97
dreamlab kosmetik surabaya,16,2,97
maklon kondisioner,7,0,95
pabrik parfum terdekat,15,2,95
cara bikin hb racikan pemutih badan,3,0,95
perbedaan moist gel dan cream,4,0,94
pabrik kosmetik di tangerang,4,0,94
maklon minyak rambut,5,0,93
maklon krim ruam popok,6,0,92
cara buat keranjang kuning di instagram,2,4,91
cara membuat hb dosting sendiri,4,0,91
cara membuat hb racikan pemutih aman,3,0,90
pabrik pembuatan skincare,6,0,89
jasa maklon kosmetik,6,3,88
beda gel dan cream,4,0,88
cara buat hb dosting,3,3,87
cara meracik hb,3,0,86
jasa maklon kosmetik tangerang,6,0,85
cara menambahkan keranjang kuning di ig,2,5,85
pasar skincare,2,0,84
bahan bahan membuat masker bubuk organik,2,0,84
maklon skincare terdekat,6,0,84
maklon perawatan bibir,8,0,83
perusahaan skincare,6,0,83
meracik hb dosting,4,0,83
maklon deodoran,12,0,83
bahan racikan handbody pemutih yang aman,3,0,83
perusahaan kosmetik,4,0,82
cara bikin hb racikan,3,0,81
biaya maklon parfum,4,1,79
maklon skincare tangerang,6,3,79
konsep baru jualan online kosmetik,4,0,79
desain kemasan produk kosmetik,4,0,76
maklon parfum sidoarjo,3,0,75
maklon sabun antibakteri,4,0,74
trend skincare 2026,3,1,73
dreamlab skincare,17,0,72
daftar perusahaan maklon kosmetik,2,2,72
maklon jawa timur,8,5,71
industri kosmetik,3,0,71
pabrik skincare terbaik di indonesia,5,0,69
contoh produk maklon,2,0,69
maklon pembersih wajah,5,0,67
maklon powder cosmetic industry,3,0,67
pt kosmetik terbesar di indonesia,5,0,65
jasa maklon tangerang,4,0,65
pasar kosmetik,2,0,63
perbedaan cream dan gel,4,0,63
jasa maklon skincare terbaik,9,0,62
maklon sabun batang,5,2,62
racikan hb pemutih yang aman,3,0,62
memilih maklon skincare,3,0,61
maklon lab,14,0,61
maklon toner,6,0,60
pabrik maklon parfum,7,0,59
logo hb dosting,2,0,59
pabrik kosmetik surabaya timur,6,0,58
skincare terbaik no 1 di indonesia 2026,3,0,58
bahan hb dosting,5,0,58
dreamlab logo,11,2,58
meracik handbody untuk memutihkan kulit,3,0,56
contoh iklan skincare bahasa inggris,4,0,56
cara membuat hb pemutih badan,3,0,56
cara meracik handbody pemutih,3,0,55
cara membuat hb pemutih,2,0,55
cara buat racikan handbody pemutih,3,0,55
pertumbuhan industri kosmetik di indonesia,2,1,55
perusahaan maklon skincare,5,0,55
maklon parfum bekasi,2,3,54
gambar dreamlab,2,1,54
maklon parfum adalah,3,0,54
asia skinlab,16,0,53
maklon kosmetik indonesia,5,1,52
cara buat hb racikan,3,0,52
parfum,5,0,52
dreamlav,10,0,51
apa arti hb dosting,2,0,51
maklon lotion bayi,2,0,51
maklon suplemen kecantikan,3,0,50
perusahaan maklon kosmetik,6,0,50
gambar pt karya impian laboratoris,2,2,50
jasa maklon packaging kosmetik,5,0,49
maklon terdekat,8,1,49
maklon herbal surabaya,3,0,49
maklon sabun organik,4,1,49
resep racikan hb pemutih,3,1,48
maklon deodorant,10,12,48
kondisi industri skincare global 2025,2,0,47
maklon dry shampoo,8,3,47
kosmetik jawa timur,2,0,47
cara buat hb racikan pemutih,3,0,47
perbedaan parfum edt dan edp,2,0,46
maklon tangerang,4,1,46
tren kecantikan 2026,2,2,46
hb dosting bpom,2,0,45
dreamlab indonesia,16,4,45
maklon bersertifikasi halal,7,0,44
kol skincare,3,2,42
maklon baby bug repellent,3,0,42
maklon kosmetik terdekat,5,3,41
pabrik kosmetik di jawa timur,6,0,41
pabrik parfum di bali,4,0,41
studio dream lab surabaya,9,0,41
trend parfum 2026,3,0,41
cara meracik hb pemutih sendiri,3,0,40
pt skincare,4,0,39
private label cosmetics,3,0,39
maklon parfum murah,6,0,38
pabrik parfum indonesia,4,0,38
resep hb racikan sendiri,3,1,38
cara meracik hb pemutih,3,0,38
logo cpkb,4,0,37
produsen kosmetik,3,1,37
tips bisnis maklon,2,0,37
perusahaan kosmetik di indonesia,4,0,37
pt kecantikan di indonesia,5,0,36
parfum merek sendiri,4,0,36
apa itu hb bodycare,2,0,35
hb dosting itu apa,2,1,35
ya,22,1,34
struktur industri skincare global 2025,2,0,34
pabrik skincare halal,3,0,34
maklon makeup,5,0,34
pemasaran industri kecantikan,2,0,33
iklan kosmetik indonesia,2,0,33
tren kecantikan 2025,3,1,33
pt. karya impian laboratoris,2,7,33
pertumbuhan industri kosmetik di indonesia 2025,5,5,32
pt skincare indonesia,5,0,32
biaya maklon skincare,3,0,32
iklan kecantikan wajah,4,0,32
maklon pembersih kewanitaan,3,0,32
pabrik kosmetik di bali,3,0,31
industri kosmetik indonesia 2025,2,0,31
maklon sabun transparan,8,0,31
maklon body n kids care,11,0,31
perusahaan maklon kosmetik di indonesia,5,0,31
maklon kosmetik halal,7,0,30
10 perusahaan kosmetik terbesar di indonesia,5,0,30
pabrik kosmetik mewah,2,0,30
industri kecantikan,3,0,30
bahan meracik handbody pemutih,3,0,30
bahan bahan hb dosting,2,1,30
harga jasa maklon,2,0,29
pabrik kosmetik terdekat,10,0,29
maklon foot cream,8,0,29
maklon sabun mandi,3,1,28
maklon kosmetik bekasi,2,0,28
tren skincare 2026,3,2,28
ulasan dreamlab,11,0,28
pabrik maklon kosmetik jakarta,2,0,28
the dreamlab,10,0,28
perkembangan industri kosmetik di indonesia,2,0,28
dreamiba,2,0,28
parfum 2026,2,0,28
perbedaan gel dan krim,4,0,27
pabrik parfume,2,0,27
cara membuat masker organik,2,0,27
pt skincare terbesar di indonesia,5,0,27
periklanan kosmetik,2,0,27
pabrik maklon,6,0,26
skincare trend 2026,2,5,26
maklon kosmetik bpom,5,0,26
masker organik,3,0,26
pabrik kosmetik di malang,4,0,26
dreamlab perfume,13,0,25
cara bisnis parfum brand sendiri,3,0,25
maklon parfum bandung,9,1,25
pabrik skincare tangerang,2,0,25
dreampreneur,5,0,24
maklon parfum indonesia,8,0,24
maklon face oil,3,0,24
skincare terbaik di indonesia 2026,2,0,23
maklon hair serum,4,1,23
jasa maklon,3,0,23
saya tinggal di indonesia. produk perawatan rambut apa yang memiliki kualitas terbaik?,2,0,23
brand skincare terbesar di indonesia,5,0,23
jasa maklon body mist,8,0,22
mavis dreamlab,14,0,22
jasa maklon body n kids care,11,0,22
apa itu dosting,2,0,21
dream lab logo,5,0,21
cara racikan handbody pemutih,3,0,21
perusahaan kecantikan di indonesia,3,0,21
pabrik kosmetik jakarta,2,0,21
maklon foot mask,8,0,21
perusahaan kecantikan terbesar di indonesia,5,0,21
dremlab,9,2,21
maklon sabun herbal,2,0,21
pabrik kosmetik jawa timur,4,0,20
maklon hair mask,5,1,20
bisnis parfum brand sendiri,4,1,20
kosmetik viral 2025,3,1,20
maklon krim penghilang stretch mark,2,0,20
jasa maklon sunscreen,3,0,20
pt kosmetik,3,0,20
private label kosmetik,2,0,20
perusahaan maklon,2,0,19
maklon jakarta,7,2,19
maklon perawatan pria,2,0,18
jasa maklon foot cream,6,0,18
jasa maklon body wash,7,0,18
apa itu maklon parfum,3,0,18
hydroquinone replacement artinya,2,0,18
iklan produk kosmetik,4,0,18
nama pt skincare yang bagus,5,0,18
dreamlab official website,6,0,18
perusahaan maklon di indonesia,2,0,18
maklon masker,3,0,18
maklon kosmetik skala kecil,5,0,18
tren kosmetik 2025,2,0,18
hb dalam skincare adalah,2,0,17
pabrik lipstik,2,0,17
pabrik maklon kosmetik terpercaya,7,0,17
pabrik maklon kosmetik,3,0,17
pabrik kosmetik gedangan sidoarjo,2,0,17
pbktl,6,0,17
dramlab,3,2,17
slogan iklan skincare,2,0,17
resep hb dosting racikan,2,0,17
racikan handbody untuk memutihkan kulit,3,0,17
maklon skincare bpom,6,0,17
syarat maklon kosmetik,3,0,16
jasa maklon dry shampoo,8,0,16
parfum avatar,8,0,16
pabrik kosmetik di sidoarjo,4,0,16
cara nautin keranjang setelah di upload,2,0,16
bisnis parfum merk sendiri,2,0,16
babycare adalah,2,0,16
jasa maklon foot mask,5,0,16
maklon body serum eksklusif,4,0,16
cara meracik handbody pemutih kulit permanen,3,0,16
dream.lab,8,0,16
maklon make up,5,0,16
maklon hand sanitizer,2,0,16
dreamlab.com,11,1,16
bisnis kosmetik online,3,0,16
maklon hair shampoo,8,0,15
skincare odm,2,0,15
iya,10,0,15
cara meracik lotion pemutih badan permanen,3,1,15
tren kecantikan saat ini,2,0,15
jasa maklon bodycare bpom,3,0,15
jasa maklon hair care,7,0,15
maklon masker wajah,2,0,15
maklon cleansing balm,5,0,15
buat brand parfum sendiri,3,0,15
deamlab,9,0,15
mau,11,1,15
jasa maklon facial wash,5,0,15
maklon bodycare surabaya,4,0,15
decorative makeup,3,0,14
maklon lip serum,6,2,14
maklon bergaransi,5,0,14
jasa maklon make up,5,0,14
produk skincare ramai dibicarakan indonesia 2026,2,0,14
hb bodycare adalah,2,0,14
jasa maklon body care,5,0,14
maklon skincare moq rendah,4,1,14
maklon sabun mandi cair,4,0,14
jasa maklon lip serum,9,0,14
jasa maklon body scrub,3,0,14
trend parfum,3,0,14
racikan hb pemutih,3,0,14
jasa maklon hair gel,6,0,14
jasa maklon hair mask,5,0,14
jasa maklon face primer,5,0,14
maklon essential oil,2,0,13
maklon diffuser,3,0,13
jasa maklon hair serum,6,0,13
tren parfum indonesia 2026,3,1,13
maklon bpom,5,0,13
maklon bodycare terbaik di indonesia,2,0,13
private label,2,0,12
jasa maklon cleansing milk,3,0,12
jasa maklon scalp scrub,6,0,12
maklon solid perfume,4,0,12
pabrik kosmetik pasuruan,2,0,12
skincare no 1 di indonesia 2026,5,0,12
modal bisnis parfum brand sendiri,2,0,12
pabrik kosmetik malang,2,0,12
bisnis skincare,3,0,12
produksi kosmetik,4,0,11
maklon bb cream,5,0,11
jasa maklon cleansing lotion,3,0,11
jasa maklon cologne,5,0,11
jasa maklon blush on,7,0,11
resep hb dosting paling ampuh,2,0,11
skincare,7,1,11
statistik industri kosmetik indonesia 2025,2,0,11
jasa maklon lip cream,6,0,11
jasa maklon eye brow serum,4,0,11
contoh iklan produk kosmetik,5,0,11
dreamlab studio,3,0,11
dreamslab,5,0,11
lab kosmetik,2,0,11
kosmetiktips,2,0,11
cara membuat handbody pemutih,3,0,11
jasa maklon body tonner,3,0,11
custom parfum surabaya,2,0,11
edp vs edt,2,0,11
maklon hair spray,5,0,11
bpom,10,0,11
jasa maklon face foundation,6,0,10
maklon cleansing lotion,3,0,10
skincare viral indonesia 2026,3,0,10
boleh,4,0,10
perusahaan kecantikan,2,0,10
jasa maklon cleansing oil,3,0,10
bikin brand parfum sendiri,3,0,10
jasa maklon hair tonic,3,0,10
handbody dosting adalah,2,0,10
jasa maklon body cream,5,0,10
hb lotion adalah,2,1,10
hb itu apa dalam skincare,2,0,10
inovasi kosmetik,2,0,10
maklon scalp scrub,4,0,10
jasa maklon hair conditioner,4,0,10
tren kosmetik 2026,2,0,9
pt maklon kosmetik indonesia,4,0,9
drem lab,6,0,9
maklon moisturizer,4,0,9
laboratoris,2,0,9
pertumbuhan industri kecantikan di indonesia,2,0,9
maklon krim tangan,3,0,9
maklon brand sendiri,2,0,9
maklon cleansing oil,2,0,9
pabrik pembuatan parfum,2,0,9
maklon body serum,4,1,9
maklon cleansing milk,5,0,9
pabrik skincare terdekat,2,0,9
jasa maklon face highlighter,5,0,9
jasa maklon cleansing balm,3,0,9
jasa maklon lipstick,3,0,9
jasa maklon body serum,3,0,9
jasa maklon body butter,3,0,9
jasa maklon solid perfume,5,0,9
jasa maklon hair spray,5,0,9
jasa maklon hair shampoo,7,0,9
jasa maklon serum,6,0,9
skincare 2026,3,0,9
masker wajah organik,2,0,9
racikan hb dosting apa saja,2,0,9
maklon hair gel,2,0,9
usaha parfum brand sendiri,2,1,9
maklon skincare terpercaya,4,0,9
"""maklon""",9,0,9
markloan,2,0,8
pabrik,4,0,8
perusahaan maklon kosmetik terbesar di indonesia,5,1,8
perusahaan manufaktur di surabaya,3,0,8
maklon hair styling cream,3,0,8
cara membuat produk kosmetik sendiri,4,0,8
pt kosmetik di indonesia,2,0,8
kerjasama pabrik maklon,2,0,8
dreamlab (production team),2,0,8
industri skincare,2,1,8
odm skincare,2,0,8
tren skincare terbaru,3,0,8
skincare terbaik 2026,2,0,8
perusahaan lainnya,3,0,8
dream lav,8,0,8
jasa maklon lip gloss,5,0,7
jasa maklon deodorant,4,0,7
pt maklon,2,0,7
skincare komala indonesia review tren 2026,2,0,7
maklon skincare herbal terbaik,2,0,7
jasa maklon handbody,3,0,7
jasa maklon body lotion,2,0,7
jasa maklon eye cream,2,0,7
marketlab,2,0,7
manufaktur kosmetik,4,0,7
maklon skincare indonesia,2,0,7
jasa maklon lip mousse,4,0,7
jasa maklon moisturizer,4,0,7
cara membuat hb,2,0,7
maklon face highlighter,3,0,7
maklon eye cream,2,0,7
maklon hair tonic,4,0,7
maklon kosmetik murah,2,0,7
lab agency,2,0,7
laboratorium kosmetik,3,0,7
jasa maklon hair styling cream,6,0,7
maklon body cream,4,0,7
edt vs edp,2,0,7
komposisi hb dosting,2,0,6
lip blush halal,2,0,6
maklon bodycare murah dan berkualitas,2,0,6
jasa maklon lip balm,5,0,6
kesalahan maklon produk,3,0,6
jasa maklon micellar water,5,0,6
jasa maklon hair pomade,4,0,6
maklon tinted lip serum,5,0,6
jasa maklon face care,2,0,6
jasa maklon lip scrub,3,0,6
pabrik kosmetik di indonesia,2,0,6
jasa maklon lip mask,5,0,6
"""spf setiap saat""",2,0,6
resep hb dosting,2,0,6
arti dosting,2,0,6
footlab,4,0,6
perusahaan kosmetik di jakarta,2,0,6
cara usaha parfum brand sendiri,3,0,6
cara penggunaan hb dosting,2,0,6
kantor morlab indonesia dimana,3,0,6
maklon leave-on conditioner,2,0,6
maklon face primer,5,0,6
maklon deodorant spray,2,1,6
cek resi sentral cargo,2,1,6
pt kosmetik di tangerang,3,0,6
maklon cologne,2,0,6
cara membuat masker organik bubuk untuk dijual,2,0,5
skincare trend,4,0,5
perusahaan kosmetik indonesia,3,0,5
maklon conditioner,3,0,5
maklon kosmetik di bali,3,0,5
daftar perusahaan kosmetik di indonesia,2,0,5
dream lab.,5,0,5
produsen parfum,2,0,5
pt dreamlabs,2,1,5
cara memunculkan keranjang kuning,2,0,5
dream-lab,4,0,5
maklon berkualitas,2,0,5
cara memutihkan badan secara alami dan cepat dalam 1 minggu,2,0,5
pt kosmetika global indonesia,3,0,5
maklon lip cream,4,0,5
pabrik skincare jakarta,2,0,5
kosmetik surabaya,2,0,5
kering,2,0,5
pabrik skin care,3,0,5
maklon pomade,3,3,5
jasa maklon bb cream,3,0,5
jasa maklon tinted lip serum,5,0,5
buat parfum bpom,2,0,5
private label cosmetics company,3,0,5
maklon facial wash,2,0,5
perusahaan parfum,2,0,5
apa arti dosting,2,0,5
jasa maklon face contour,4,0,5
makloon parfum,3,0,5
jasa maklon hand body cream,3,0,5
biaya maklon adalah,2,0,4
maklon skincare murah,2,0,4
tren kecantikan,2,0,4
jasa maklon conditioner,3,0,4
branding kosmetik,2,0,4
"intext:""uncategorized"" ""kesadaran"" ""kupang"" site:*.id",3,0,4
kosmetik,3,0,4
maklon hair wax,3,0,4
dreamlab cosmetici,3,0,4
produk maklon kosmetik,3,0,4
pt kecantikan,2,0,4
contoh iklan skincare dalam bahasa inggris,4,0,4
pabrik maklon surabaya,4,0,4
hb kosmetik adalah,2,0,4
brand skincare terlaris 2025,2,0,4
pabrik maklon tangerang,2,0,4
beauty branding,2,0,4
racikan sendiri,2,0,4
maklon hair removal,3,0,4
jasa maklon lip tint,2,0,4
jasa maklon hair wax,3,0,4
jasa maklon eye lash serum,4,0,4
jasa maklon lip oil,3,0,4
oem skincare,2,0,4
jasa maklon hair removal,2,0,4
modal bisnis skincare,3,0,4
bisnis kosmetik di indonesia,2,0,4
tren skincare indonesia 2026,2,0,4
"""skincare bayi"" -site:reddit.com -site:twitter.com -site:x.com -site:wykop.pl -site:tripadvisor.com -site:youtube.com -site:yelp.com -site:booking.com -site:facebook.com -site:instagram.com -site:tiktok.com",2,0,4
hb dosting yang bagus,2,0,4
handbody viral,2,0,4
dreambal,2,0,4
kosmetika global indonesia,2,0,4
pt refli kosmedika lab,4,0,4
pt mitra harapan mandiri,4,0,4
brand odm indonesia,2,0,4
pabrik kosmetik rungkut,2,0,4
membuat brand parfum sendiri,2,0,3
merek terbaik di tiktok,2,0,3
pabrik di malang jawa timur,3,0,3
bahan aktif untuk jerawat,2,0,3
maklon hair conditioner,2,0,3
where to get free samples,2,0,3
jasa maklon leave-on conditioner,3,0,3
reed diffuser,3,0,3
"""izin bpom"" -site:reddit.com -site:twitter.com -site:x.com -site:wykop.pl -site:tripadvisor.com -site:youtube.com -site:yelp.com -site:booking.com -site:facebook.com -site:instagram.com -site:tiktok.com",2,0,3
yang lain,3,0,3
bisnis kecantikan,2,0,3
modal usaha parfum brand sendiri,2,0,3
maklon setting spray,2,0,3
manufaktur di surabaya,2,0,3
bisnis maklon,2,0,3
"""maklon kosmetik"" -site:reddit.com -site:twitter.com -site:x.com -site:wykop.pl -site:tripadvisor.com -site:youtube.com -site:yelp.com -site:booking.com -site:facebook.com -site:instagram.com -site:tiktok.com",3,0,3
supplier kosmetik,3,0,3
bisnis parfum,2,0,3
arti demplon,2,0,3
jasa maklon skin care,2,0,3
konsultan bpom,3,0,3
konlabos,2,0,3
no wa nya,3,1,3
branding skincare,3,0,3
maklon lotion,2,0,3
maklon lip gloss,2,0,3
pabrik parfum tangerang,2,0,3
handbody dosting,2,0,3
maklon aerosol,3,0,3
hb kecantikan artinya,2,0,3
lip blush apakah halal,2,0,3
lebih banyak lagi,3,1,3
hand body untuk memutihkan kulit,2,0,3
brand kosmetik terlaris di indonesia 2025,2,1,3
jenis jenis parfum,2,0,3
jasa maklon loose powder,2,0,3
pt sempurna medilab indonesia,2,0,3
pt sls,3,0,3
maklon perfume,2,0,3
parfum trend,2,0,3
perusahaan manufaktur,3,0,3
cara buat brand parfum sendiri,2,0,3
pt dewi buana mulia,2,0,3
dreamlab reviews,3,0,3
fragrance manufacturer,3,0,3
dream lab official website,3,0,3
dosting label,2,0,3
maklon kosmetik moq 100 pcs,2,0,3
produksi parfum brand sendiri,2,0,3
soapkini,2,0,3
perusahaan kosmetik surabaya,2,0,3
maklon herbal moq rendah,2,0,3
perusahaan parfum terbesar di indonesia,2,0,3
maklon hand body cream,2,0,3
perusahaan manufaktur di jawa timur,2,0,3
alamat kantor morlab,2,0,3
tujuan bisnis,2,0,2
untuk bisnis,2,0,2
wahana kosmetika indonesia,2,0,2
y,2,0,2
ya mau,2,0,2
yaa,2,0,2
apakah hb dosting,2,0,2
apakah sudah bpom,2,0,2
beauty care labs,2,0,2
telepon,2,0,2
produk terlaris tiktok shop 2025,2,0,2
carikan,2,0,2
contoh advertisement product,2,0,2
cremorlab,2,0,2
cv asia skinlab,2,0,2
profil perusahaannya,2,0,2
pt essential,2,0,2
dreamlab review,2,0,2
distributor parfum,2,0,2
distributor parfum import,2,0,2
dosting hb adalah,2,0,2
dream skin care,2,0,2
ekspansi bisnis kosmetik,2,0,2
email,2,0,2
parfum joylab,2,0,2
dreamlab agency,2,0,2
hb farmasi,2,0,2
pabrik parfum terbesar di indonesia,2,0,2
hb farmaskin,2,0,2
pabrik maklon jabodetabek,2,0,2
pabrik maklon terdekat,2,0,2
pabrik manufaktur,2,0,2
hairlab,2,0,2
brand kosmetik lokal indonesia,2,0,2
pt maklon kosmetik indonesia surabaya,2,0,2
pabrik kosmetik mojokerto,2,0,2
iya carikan dong,2,0,2
iya mau,2,0,2
mois,2,0,2
nomor hape,2,0,2
nutrilab pratama,2,0,2
masterlab,2,0,2
masumi beauty indonesia,2,0,2
merek kosmetik terbaik di dunia,2,0,2
merek perawatan tubuh terbaik 2026 indonesia,2,0,2
manajemen bisnis kosmetik,2,0,2
manufaktur surabaya,2,0,2
puputan pharma mangala,2,0,2
rupiahnya,2,0,2
sebutkan,2,1,2
jasa maklon jabodetabek,2,0,2
maklon skincare medan,2,1,2
jasa maklon face concealer,2,0,2
jasa maklon hair oil,2,0,2
maklon produk personal care,2,0,2
kids labs,2,0,2
jasa maklon sabun mandi,2,0,2
jasa maklon shampoo,2,0,2
joylab parfum,2,0,2
lainnya,2,0,2
maklon micellar water,2,0,2
maklon murah,2,0,2
maklon body lotion dan body wash,2,0,2
maklon lip balm,2,0,2
maklon lulur dan body scrub,2,0,2
maklon eye lash serum,2,0,2
bibit parfum surabaya,2,0,2
bisnis kosmetik modal berapa,2,0,2
ada opsi lain,2,0,2
"""maklon skincare"" -site:reddit.com -site:twitter.com -site:x.com -site:wykop.pl -site:tripadvisor.com -site:youtube.com -site:yelp.com -site:booking.com -site:facebook.com -site:instagram.com -site:tiktok.com",2,0,2
yang mana paling bagus?,2,0,2
