folder,clicks_c90,impressions_c90,clicks_p90,impressions_p90,ctr_c90,ctr_p90,clicks_delta,clicks_growth_pct
/memunculkan-keranjang-reels/,699.0,18057.0,1044.0,26710.0,3.87,3.91,-345,-33.04597701149425
/,486.0,6955.0,281.0,5469.0,6.99,5.14,205,72.95373665480427
/urutan-pabrik-skincare-terbaik-indonesia/,140.0,11863.0,67.0,8993.0,1.18,0.75,73,108.955223880597
/cara-meracik-handbody-pemutih-alami/,106.0,21602.0,11.0,1197.0,0.49,0.92,95,863.6363636363636
/cara-membuat-hb-dosting-sendiri/,82.0,3950.0,18.0,694.0,2.08,2.59,64,355.55555555555554
/produk/,75.0,3532.0,0.0,0.0,2.12,,75,
/pabrik-maklon-kosmetik-surabaya-terlengkap/,64.0,3078.0,25.0,1678.0,2.08,1.49,39,156.0
/industri-kosmetik-indonesia-terus-tumbuh/,56.0,1653.0,94.0,2320.0,3.39,4.05,-38,-40.42553191489362
/jasa-maklon-parfum-bali-terbaik-terlengkap/,48.0,1633.0,34.0,1776.0,2.94,1.91,14,41.176470588235304
/contact-us/,44.0,2553.0,29.0,1957.0,1.72,1.48,15,51.72413793103448
/pabrik-parfum-surabaya/,37.0,1391.0,45.0,1811.0,2.66,2.48,-8,-17.777777777777782
/pabrik-parfum-jakarta/,37.0,1337.0,8.0,543.0,2.77,1.47,29,362.5
/jasa-maklon-parfum-moq-rendah/,36.0,915.0,20.0,589.0,3.93,3.4,16,80.0
/jenis-alkohol-dalam-parfum/,32.0,5060.0,20.0,4294.0,0.63,0.47,12,60.00000000000001
/tren-cleanical-beauty-produk-skincare-paling-dicari-tahun-2026/,29.0,1196.0,0.0,0.0,2.42,,29,
/career/,25.0,432.0,12.0,189.0,5.79,6.35,13,108.33333333333334
/pkrt/,24.0,258.0,39.0,350.0,9.3,11.14,-15,-38.46153846153846
/panduan-maklon-deodorant-bpom/,23.0,718.0,2.0,79.0,3.2,2.53,21,1050.0
/cara-hitunghpp-produk-kosmeti/,20.0,1506.0,6.0,165.0,1.33,3.64,14,233.33333333333334
/category/,19.0,1592.0,9.0,1720.0,1.19,0.52,10,111.11111111111111
/alat-pengencang-wajah/,18.0,1003.0,22.0,858.0,1.79,2.56,-4,-18.181818181818176
/contoh-kalimat-iklan-kosmetik-unik/,17.0,4206.0,23.0,12002.0,0.4,0.19,-6,-26.086956521739136
/maklon-parfum-makassar/,17.0,428.0,4.0,258.0,3.97,1.55,13,325.0
/pabrik-parfum-malang-dreamlab/,17.0,811.0,18.0,495.0,2.1,3.64,-1,-5.555555555555558
/maklon-hairmist/,16.0,211.0,3.0,308.0,7.58,0.97,13,433.3333333333333
/services/,15.0,1049.0,9.0,628.0,1.43,1.43,6,66.66666666666667
/jasa-maklon-bar-soap-merek-sendiri/,14.0,222.0,4.0,172.0,6.31,2.33,10,250.0
/jasa-maklon-lipstik-bpom-terpercaya/,13.0,561.0,1.0,144.0,2.32,0.69,12,1200.0
/pabrik-maklon-parfum-bekasi/,13.0,421.0,0.0,0.0,3.09,,13,
/tren-aroma-parfum-2026-terbaru/,13.0,1014.0,7.0,1009.0,1.28,0.69,6,85.71428571428572
/cysteamine-alternatif-hydroquinone/,13.0,1293.0,3.0,224.0,1.01,1.34,10,333.3333333333333
/cara-membuka-offline-store-kosmetik-2026/,13.0,1008.0,13.0,771.0,1.29,1.69,0,0.0
/biaya-maklon-parfum-moq-kecil/,13.0,803.0,6.0,880.0,1.62,0.68,7,116.66666666666666
/8-tren-kecantikan-2026-smart-formula/,12.0,872.0,8.0,874.0,1.38,0.92,4,50.0
/jasa-maklon-kosmetik-bandung/,12.0,670.0,9.0,723.0,1.79,1.24,3,33.33333333333333
/baby-care/,12.0,551.0,8.0,728.0,2.18,1.1,4,50.0
/lulur-vs-hb-dosting/,12.0,2198.0,4.0,2826.0,0.55,0.14,8,200.0
/maklon-hair-treatment-salon-premium/,11.0,201.0,5.0,151.0,5.47,3.31,6,120.00000000000001
/maklon-parfum-anak-custom-aroma/,10.0,150.0,5.0,150.0,6.67,3.33,5,100.0
/pabrik-maklon-kosmetik-sidoarjo-dreamlab/,10.0,478.0,9.0,799.0,2.09,1.13,1,11.111111111111116
/about-us/,10.0,778.0,3.0,700.0,1.29,0.43,7,233.33333333333334
/maklon-kosmetik-skincare-medan-dreamlab/,10.0,324.0,0.0,0.0,3.09,,10,
/maklon-skincare-batam/,9.0,279.0,0.0,0.0,3.23,,9,
/parfum/,9.0,395.0,15.0,929.0,2.28,1.61,-6,-40.0
/perbedaan-moisturizer-gel-vs-cream/,9.0,5733.0,2.0,1918.0,0.16,0.1,7,350.0
/parfum-arab-ide-bisnis-2026/,9.0,241.0,5.0,308.0,3.73,1.62,4,80.0
/parfum-inspired-peluang-bisnis/,9.0,5990.0,8.0,2648.0,0.15,0.3,1,12.5
/pabrik-shampoo-merek-sendiri/,8.0,274.0,5.0,142.0,2.92,3.52,3,60.00000000000001
/berapa-moq-maklon-skincare-di-dreamlab-ini-fakta-penting-untuk-pebisnis-pemula/,7.0,318.0,1.0,159.0,2.2,0.63,6,600.0
/jadwalkanvisitmeeting.php/,7.0,779.0,3.0,693.0,0.9,0.43,4,133.33333333333334
/state-of-beauty-2025-tren-kecantikan-pertumbuhan-industri-kosmetik-perubahan-pasar/,6.0,462.0,13.0,1434.0,1.3,0.91,-7,-53.84615384615385
/affiliate-kol-brand-skincare/,6.0,1311.0,1.0,2423.0,0.46,0.04,5,500.0
/maklon-bodycare-dreamlab-moq-fleksibel/,6.0,380.0,3.0,443.0,1.58,0.68,3,100.0
/maklon-hair-care/,6.0,58.0,0.0,0.0,10.34,,6,
/maklon-skincare-nad-plus-anti-aging/,6.0,293.0,4.0,271.0,2.05,1.48,2,50.0
/maklon-parfum-dreamlab/,6.0,184.0,5.0,323.0,3.26,1.55,1,19.999999999999996
/trend-body-care-2025-produk-viral-tiktok-shopee-dreamlab-maklon-kosmetik/,6.0,294.0,5.0,326.0,2.04,1.53,1,19.999999999999996
/waterless-beauty-2025/,6.0,44.0,1.0,84.0,13.64,1.19,5,500.0
/maklon-skincare-jawa-timur-dreamlab/,6.0,343.0,4.0,310.0,1.75,1.29,2,50.0
/maklon-kosmetik-tangerang-terpercaya/,6.0,451.0,5.0,595.0,1.33,0.84,1,19.999999999999996
/pabrik-skincare-aceh-bpom-terlengkap/,6.0,104.0,3.0,147.0,5.77,2.04,3,100.0
/maklon-kosmetik-serum-exosome-pdrn-dreamlab/,5.0,105.0,1.0,113.0,4.76,0.88,4,400.0
/ide-bisnis-kosmetik-2026/,5.0,663.0,3.0,1018.0,0.75,0.29,2,66.66666666666667
/jenis-vitamin-c-whitening-terbaik/,5.0,307.0,0.0,97.0,1.63,0.0,5,
/jasa-maklon-kosmetik/,5.0,194.0,0.0,0.0,2.58,,5,
/our-client/,5.0,264.0,1.0,138.0,1.89,0.72,4,400.0
/parfum-pheromone-bisnis-parfum/,5.0,585.0,0.0,0.0,0.85,,5,
/news-blog/,5.0,450.0,2.0,184.0,1.11,1.09,3,150.0
/maklon-kosmetik-jakarta-skala-besar/,5.0,37.0,0.0,0.0,13.51,,5,
/perbedaan-bpom-notifikasi-vs-izin-edar-kosmetik/,5.0,204.0,0.0,0.0,2.45,,5,
/ai-data-cara-brand-kosmetik-baru-menemukan-formula-viral/,4.0,133.0,1.0,100.0,3.01,1.0,3,300.0
/cara-buat-brand-dry-shampoo/,4.0,78.0,0.0,0.0,5.13,,4,
/tren-memulai-bisnis-skincare-2025/,4.0,151.0,2.0,445.0,2.65,0.45,2,100.0
/bisnis-perawatan-pria/,4.0,71.0,1.0,97.0,5.63,1.03,3,300.0
/rekomendasi-sunscreen-lokal/,4.0,1076.0,2.0,459.0,0.37,0.44,2,100.0
/maklon-kosmetik-kediri/,4.0,133.0,0.0,71.0,3.01,0.0,4,
/pabrik-parfum/,4.0,176.0,0.0,0.0,2.27,,4,
/maklon-parfum-custom-dreamlab/,4.0,201.0,0.0,0.0,1.99,,4,
/rebranding-produk-kosmetik/,4.0,186.0,4.0,242.0,2.15,1.65,0,0.0
/skincare-natural-bali-pasar-internasional/,4.0,190.0,2.0,120.0,2.11,1.67,2,100.0
/maklon-brand-kosmetik-sendiri-100pcs-pemula/,4.0,119.0,2.0,77.0,3.36,2.6,2,100.0
/maklon-jakarta-terbaik/,4.0,333.0,11.0,709.0,1.2,1.55,-7,-63.63636363636363
/jenis-packaging-box-parfum/,4.0,242.0,2.0,201.0,1.65,1.0,2,100.0
/jasa-maklon-sunscreen-terbaik/,4.0,330.0,0.0,0.0,1.21,,4,
/parfum-balm-vs-parfum-oil/,3.0,404.0,5.0,518.0,0.74,0.97,-2,-40.0
/maklon-produk-man-care/,3.0,101.0,2.0,130.0,2.97,1.54,1,50.0
/pabrik-maklon-kosmetik-cpkb-grade-a/,3.0,149.0,0.0,18.0,2.01,0.0,3,
/pengganti-hydroquinone-flek-hitam-aman/,3.0,214.0,3.0,101.0,1.4,2.97,0,0.0
/cara-menentukan-harga-jual-produk-kosmetik/,3.0,591.0,9.0,959.0,0.51,0.94,-6,-66.66666666666667
/estimasi-biaya-maklon-kosmetik/,3.0,244.0,0.0,0.0,1.23,,3,
/atur-kosmetik-halal-dreamlab/,3.0,403.0,4.0,1107.0,0.74,0.36,-1,-25.0
/cari-maklon-kosmetik-di-gresik/,3.0,7.0,0.0,0.0,42.86,,3,
/cara-mulai-bisnis-skincare-dari-nol/,3.0,157.0,0.0,0.0,1.91,,3,
/asa-maklon-antiperspirant-terpercaya/,3.0,37.0,3.0,79.0,8.11,3.8,0,0.0
/kosmetik-olahraga/,3.0,36.0,0.0,42.0,8.33,0.0,3,
/maklon-kosmetik-bpom-bandar-lampung/,2.0,65.0,0.0,0.0,3.08,,2,
/rekomendasi-maklon-kosmetik-yogyakarta/,2.0,31.0,0.0,0.0,6.45,,2,
/strategi-brand-viral-tiktok/,2.0,277.0,1.0,574.0,0.72,0.17,1,100.0
/tren-brand-kosmetik-lokal-2025/,2.0,114.0,1.0,219.0,1.75,0.46,1,100.0
/skincare-face-care/,2.0,117.0,0.0,97.0,1.71,0.0,2,
/manfaat-hair-tonic-ginseng-rambut/,2.0,1104.0,2.0,288.0,0.18,0.69,0,0.0
/memilih-pabrik-maklon-kosmetik-sertifikasi-cpkb/,2.0,175.0,0.0,4.0,1.14,0.0,2,
/maklon-cream-anti-aging/,2.0,39.0,0.0,61.0,5.13,0.0,2,
/maklon-baby-care/,2.0,109.0,0.0,0.0,1.83,,2,
/maklon-hair-care-kesalahan-pemula-brand/,2.0,74.0,1.0,12.0,2.7,8.33,1,100.0
/maklon-all-day-cream/,2.0,108.0,0.0,0.0,1.85,,2,
/hair-care/,2.0,204.0,3.0,397.0,0.98,0.76,-1,-33.333333333333336
/foot-care-produk-peluang-bisnis-maklon-dreamlab/,2.0,142.0,0.0,11.0,1.41,0.0,2,
/jasa-maklon-kosmetik-di-jember/,2.0,4.0,0.0,0.0,50.0,,2,
/slug-maklon-kosmetik-indonesia-vs-china/,2.0,265.0,1.0,209.0,0.75,0.48,1,100.0
/maklon-kosmetik-jayapura/,2.0,28.0,0.0,0.0,7.14,,2,
/body-care/,2.0,204.0,1.0,307.0,0.98,0.33,1,100.0
/astaxanthin-mengapa-bahan-aktif-ini-sedang-naik-daun-di-industri-kosmetik/,2.0,805.0,2.0,317.0,0.25,0.63,0,0.0
/dupe-parfum-nagita-slavina-tahan-lama/,2.0,78.0,0.0,0.0,2.56,,2,
/decorative/,2.0,249.0,1.0,193.0,0.8,0.52,1,100.0
/maklon-body-care/,2.0,136.0,0.0,0.0,1.47,,2,
/maklon-body-whitening-formula-juara/,2.0,164.0,2.0,156.0,1.22,1.28,0,0.0
/hair-vitamin-lokal-indonesia-viral-di-korea/,2.0,57.0,2.0,81.0,3.51,2.47,0,0.0
/strategi-tiktok-shop-campaign-gratis/,1.0,342.0,2.0,354.0,0.29,0.56,-1,-50.0
/shop/,1.0,35.0,1.0,164.0,2.86,0.61,0,0.0
/reampreneur-beauty-academy-maklon-kosmetik/,1.0,38.0,0.0,55.0,2.63,0.0,1,
/rahasia-perawatan-rambut-keriting-tetap-sehat-lembut-dan-terdefinisi/,1.0,161.0,1.0,46.0,0.62,2.17,0,0.0
/potensi-bisnis-babycare/,1.0,38.0,0.0,59.0,2.63,0.0,1,
/perbedaan-oem-vs-odm/,1.0,202.0,0.0,32.0,0.5,0.0,1,
/maklon-kosmetik-pemula-modal-kecil/,1.0,32.0,0.0,84.0,3.12,0.0,1,
/terms-of-service/,1.0,42.0,0.0,0.0,2.38,,1,
/set-skincare-bpom/,1.0,52.0,0.0,97.0,1.92,0.0,1,
/peluang-bisnis-skincare-irt/,1.0,22.0,0.0,13.0,4.55,0.0,1,
/peluang-feminim-care-dalam-bisnis-pasar-yang-menjanjikan/,1.0,30.0,3.0,46.0,3.33,6.52,-2,-66.66666666666667
/peluang-bisnis-deodorant-ditrend-sport/,1.0,27.0,0.0,0.0,3.7,,1,
/bisnis-parfum-merk-sendiri/,1.0,176.0,0.0,62.0,0.57,0.0,1,
/cara-buat-parfum-sendiri-dengan-maklon/,1.0,531.0,1.0,51.0,0.19,1.96,0,0.0
/berapa-lama-membuat-brand-skincare-90-hari/,1.0,49.0,0.0,0.0,2.04,,1,
/basic-skincare-pria-wajib/,1.0,403.0,1.0,344.0,0.25,0.29,0,0.0
/maklon-bodymist/,1.0,112.0,0.0,6.0,0.89,0.0,1,
/maklon-body-lotion-dupe-highend/,1.0,20.0,1.0,12.0,5.0,8.33,0,0.0
/maklon-foot-care/,1.0,46.0,0.0,0.0,2.17,,1,
/jasa-maklon-kosmetik-bpom-panduan-lengkap/,1.0,111.0,0.0,194.0,0.9,0.0,1,
/foot-care/,1.0,153.0,3.0,152.0,0.65,1.97,-2,-66.66666666666667
/hair-treatment-ampoule-maklon-haircare-dreamlab/,1.0,53.0,0.0,93.0,1.89,0.0,1,
/inovasi-maklon-haircare-2026/,1.0,70.0,1.0,141.0,1.43,0.71,0,0.0
/maklon-facial-wash-gentle/,1.0,128.0,0.0,112.0,0.78,0.0,1,
/komunitas-beauty-genz/,1.0,21.0,0.0,1.0,4.76,0.0,1,
/maklon-pkrt/,1.0,12.0,0.0,0.0,8.33,,1,
/maklon-kosmetik-ibu-hamil/,1.0,74.0,1.0,180.0,1.35,0.56,0,0.0
/panduan-bisnis-produk-bayi/,1.0,61.0,0.0,0.0,1.64,,1,
/pabrik-kosmetik/,1.0,54.0,0.0,0.0,1.85,,1,
/panduan-persentase-manfaat-niacinamide-skincare/,1.0,366.0,0.0,33.0,0.27,0.0,1,
/maklon-skincare-jakarta-brand-klinik-2026/,1.0,61.0,1.0,100.0,1.64,1.0,0,0.0
/maklon-parfum/,1.0,40.0,1.0,29.0,2.5,3.45,0,0.0
/author/,1.0,156.0,0.0,116.0,0.64,0.0,1,
/berapa-biaya-membuat-brand-serum/,1.0,9.0,0.0,0.0,11.11,,1,
/cara-membuat-toner-dari-cuka-apel/,1.0,83.0,0.0,41.0,1.2,0.0,1,
/cara-membuat-deodorant-balm-custom/,1.0,53.0,0.0,14.0,1.89,0.0,1,
/maklon-body-wash-berkualitas-dan-bersertifikat-bpom/,1.0,72.0,1.0,130.0,1.39,0.77,0,0.0
/cara-personal-banding/,1.0,168.0,1.0,224.0,0.6,0.45,0,0.0
/contact-medsos/,1.0,11.0,0.0,0.0,9.09,,1,
/ads/,0.0,13.0,0.0,0.0,0.0,,0,
/bahan-aktif-untuk-mengatasi-jerawat/,0.0,0.0,0.0,34.0,,0.0,0,
/bahan-aktif-skincare-paling-dicari/,0.0,44.0,0.0,27.0,0.0,0.0,0,
/academy-beautypreneur/,0.0,0.0,0.0,6.0,,0.0,0,
/bahan-aktif-skincare-jerawat/,0.0,53.0,0.0,52.0,0.0,0.0,0,
/inspirasi-parfum-lokal-aroma-teh/,0.0,34.0,0.0,37.0,0.0,0.0,0,
/hero-ingredients-2025/,0.0,40.0,0.0,14.0,0.0,0.0,0,
/https-dreamlab-id-dreamlab-visit-ici-2026/,0.0,64.0,0.0,0.0,0.0,,0,
/ide-bisnis-gen-z/,0.0,1.0,0.0,0.0,0.0,,0,
/e-floating-buttons/,0.0,13.0,0.0,12.0,0.0,0.0,0,
/dreampreneur-beauty-academy-surabaya-2026/,0.0,0.0,1.0,5.0,,20.0,-1,-100.0
/bangun-brand-skincare-lebih-strategis-dreamlab/,0.0,7.0,0.0,0.0,0.0,,0,
/biaya-maklon-skincare/,0.0,29.0,0.0,0.0,0.0,,0,
/bisnis-kosmetik-dari-nol/,0.0,4.0,1.0,21.0,0.0,4.76,-1,-100.0
/biaya-membuat-brand-serum/,0.0,11.0,0.0,0.0,0.0,,0,
/bisnis-skincare-glow-glasskin-cystamine/,0.0,11.0,0.0,5.0,0.0,0.0,0,
/cara-ampuh-memutihkan-ketiak/,0.0,639.0,2.0,904.0,0.0,0.22,-2,-100.0
/cara-bisnis-skincare-dari-nol/,0.0,0.0,0.0,4.0,,0.0,0,
/cara-bangun-brand-deodoran-sendiri/,0.0,21.0,6.0,56.0,0.0,10.71,-6,-100.0
/cara-branding-bisnis-kosmetik/,0.0,62.0,0.0,111.0,0.0,0.0,0,
/cara-membuat-masker-wajah-organik/,0.0,58.0,1.0,190.0,0.0,0.53,-1,-100.0
/cara-menghilangkan-ketombe/,0.0,4.0,0.0,7.0,0.0,0.0,0,
/cara-membuat-lulur-ampas-kopi/,0.0,256.0,0.0,192.0,0.0,0.0,0,
/contact-form-dreamlab/,0.0,0.0,0.0,4.0,,0.0,0,
/cms_block_cat/,0.0,0.0,0.0,3.0,,0.0,0,
/maklon-haircare/,0.0,11.0,0.0,5.0,0.0,0.0,0,
/maklon-footcare-dreamlab/,0.0,27.0,0.0,42.0,0.0,0.0,0,
/maklon-decorative/,0.0,74.0,0.0,0.0,0.0,,0,
/maklon-face-mist/,0.0,13.0,0.0,68.0,0.0,0.0,0,
/maklon-bodycare-ads/,0.0,1.0,0.0,0.0,0.0,,0,
/kuasai-pasar-skincare-2026-biotech/,0.0,13.0,0.0,43.0,0.0,0.0,0,
/jasa-maklon-sabun-mandi-batang/,0.0,0.0,3.0,257.0,,1.17,-3,-100.0
/dreamlab-kolaborasi-di-klifm-bongkar-strategi-bisnis-kosmetik/,0.0,5.0,0.0,0.0,0.0,,0,
/glycerin-bahan-skincare-yang-naik-daun-dan-cocok-untuk-semua-jenis-kulit/,0.0,146.0,0.0,330.0,0.0,0.0,0,
/google-ads/,0.0,12.0,0.0,0.0,0.0,,0,
/flywheel-marketing-brand-skincare/,0.0,0.0,0.0,13.0,,0.0,0,
/formulasi-witch-hazel/,0.0,26.0,0.0,5.0,0.0,0.0,0,
/mudahnya-menjadi-owner-parfum-sendiri-ciptakan-brand-wewangian-eksklusif-tanpa-ribet/,0.0,92.0,0.0,55.0,0.0,0.0,0,
/moq-maklon-kosmetik/,0.0,2.0,0.0,0.0,0.0,,0,
/pabrik-parfum-surabaya-biaya-2026/,0.0,0.0,2.0,85.0,,2.35,-2,-100.0
/pabrik-parfum-makasar/,0.0,38.0,10.0,289.0,0.0,3.46,-10,-100.0
/maklon-parfum-bpom-indonesia-strategi-bisnis/,0.0,15.0,0.0,84.0,0.0,0.0,0,
/maklon-moisturizer-bpom-dreamlab/,0.0,2.0,0.0,33.0,0.0,0.0,0,
/maklon-kosmetik-terbaik-english/,0.0,11.0,0.0,1.0,0.0,0.0,0,
/maklon-kosmetik-terbaik-bahasa/,0.0,1.0,1.0,22.0,0.0,4.55,-1,-100.0
/maklon-kosmetik-jakarta-dreamlab-2026/,0.0,0.0,1.0,298.0,,0.34,-1,-100.0
/maklon-kosmetik-parfum-tangerang/,0.0,0.0,9.0,714.0,,1.26,-9,-100.0
/omset-moisturizer-naik-tajam-dreamlab-bisnis-skincare/,0.0,25.0,0.0,12.0,0.0,0.0,0,
/optimasi-penjualan-tiktok-shop/,0.0,111.0,0.0,196.0,0.0,0.0,0,
/manfaat-panthenol-untuk-wajah-kering/,0.0,975.0,0.0,1163.0,0.0,0.0,0,
/melembutkan-kulit-bersisik/,0.0,1.0,0.0,12.0,0.0,0.0,0,
/maklon-scalp-haircare-bisnis-produk-rambut-sehat/,0.0,0.0,0.0,2.0,,0.0,0,
/maklon-parfum-jakarta/,0.0,0.0,22.0,626.0,,3.51,-22,-100.0
/maklon-shampoo-psoriasis-formula-juara/,0.0,6.0,0.0,103.0,0.0,0.0,0,
/maklon-skincare-surabaya-umkm/,0.0,0.0,4.0,428.0,,0.93,-4,-100.0
/maklon-skincare-untuk-brand-baru/,0.0,0.0,0.0,3.0,,0.0,0,
/maklon-skincare/,0.0,87.0,0.0,0.0,0.0,,0,
/panduan/,0.0,20.0,0.0,0.0,0.0,,0,
/pabrik-skincare-maklon/,0.0,236.0,0.0,192.0,0.0,0.0,0,
/rahasia-kulit-glowing-devina-karamoy/,0.0,123.0,1.0,154.0,0.0,0.65,-1,-100.0
/private-label-kosmetik/,0.0,44.0,0.0,0.0,0.0,,0,
/product-category/,0.0,1.0,0.0,0.0,0.0,,0,
/produk-haircare-yang-sedang-tren/,0.0,37.0,0.0,33.0,0.0,0.0,0,
/produk-viral-tiktok/,0.0,109.0,2.0,63.0,0.0,3.17,-2,-100.0
/produk-whitening-branding-claim/,0.0,97.0,3.0,79.0,0.0,3.8,-3,-100.0
/prediksi-tren-2026/,0.0,0.0,6.0,678.0,,0.88,-6,-100.0
/privacy-policy/,0.0,33.0,0.0,0.0,0.0,,0,
/penyebab-ingrown-hair/,0.0,215.0,1.0,91.0,0.0,1.1,-1,-100.0
/peluang-bisnis-deodorant/,0.0,23.0,0.0,0.0,0.0,,0,
/perbedaan-micellar-water-dan-toner/,0.0,148.0,0.0,236.0,0.0,0.0,0,
/perbedaan-edp-edt/,0.0,1984.0,0.0,42.0,0.0,0.0,0,
/perbedaan-privatelabel-vsodm/,0.0,215.0,1.0,491.0,0.0,0.2,-1,-100.0
/perusahaan-maklon-kosmetik/,0.0,19.0,2.0,143.0,0.0,1.4,-2,-100.0
/rekomendasi-maklon-kosmetik-terbaik-dreamlab/,0.0,53.0,0.0,0.0,0.0,,0,
/rahasia-maklon-parfum-jakarta/,0.0,0.0,7.0,245.0,,2.86,-7,-100.0
/sunscreen-spf-yang-cocok-untuk-kegiatan/,0.0,10.0,0.0,27.0,0.0,0.0,0,
/rincian-biaya-produksi-serum-wajah/,0.0,8.0,0.0,0.0,0.0,,0,
/rincian-biaya-produksi-serum/,0.0,1.0,0.0,0.0,0.0,,0,
/solusi-bisnis-body-serum-aha-2025-tren-pasar-maklon-dreamlab/,0.0,23.0,0.0,8.0,0.0,0.0,0,
/rekomendasi-skincare-musim-hujan-agar-kulit-tetap-sehat-dan-lembap/,0.0,59.0,0.0,37.0,0.0,0.0,0,
/thankyou-page/,0.0,12.0,0.0,2.0,0.0,0.0,0,
/tips-membuat-konten-viral/,0.0,23.0,0.0,38.0,0.0,0.0,0,
/tips-sukses-bisnis-parfum/,0.0,0.0,0.0,82.0,,0.0,0,
/thankyoupage-google/,0.0,3.0,0.0,0.0,0.0,,0,
/tips-membuat-hand-sanitizer-bisnis/,0.0,49.0,1.0,24.0,0.0,4.17,-1,-100.0
/thankyou/,0.0,9.0,0.0,0.0,0.0,,0,
/tren-parfum-arab-bisnis-maklon-dreamlab/,0.0,0.0,8.0,388.0,,2.06,-8,-100.0
/tren-sunscreen-2025-6-produk-yang-siap-jadi-bisnis/,0.0,162.0,4.0,215.0,0.0,1.86,-4,-100.0
/trend-aroma-parfum-disukai-market-2026/,0.0,20.0,0.0,0.0,0.0,,0,
