url,page_path,current_clicks,previous_clicks,clicks_delta,clicks_pct_change,current_ctr_pct,previous_ctr_pct,ctr_delta_pp,current_position,previous_position,position_delta,c30_clicks,p30_clicks,c30_impressions,c90_impressions,p90_impressions,clicks_16m,impressions_16m,traffic_delta,potential_opportunity,priority_score,business_intent,page_type,money_page,blog,category_page,landing_page,knowledge_page
https://dreamlab.id/memunculkan-keranjang-reels/,/memunculkan-keranjang-reels/,699,1044,-345,-33.0,3.31,3.91,-0.59,4.9,2.6,2.3,5,250,98,18057,26710,3015,66928,-345,1207.3,76.0,informational,article,False,True,False,False,True
https://dreamlab.id/industri-kosmetik-indonesia-terus-tumbuh/,/industri-kosmetik-indonesia-terus-tumbuh/,56,94,-38,-40.4,3.39,4.05,-0.66,8.5,6.8,1.7,11,17,248,1653,2320,479,9951,-38,26.6,40.9,local,article,False,True,False,False,True
https://dreamlab.id/maklon-parfum-jakarta/,/maklon-parfum-jakarta/,0,22,-22,-100.0,3.72,3.72,0.0,8.7,8.7,0.0,0,0,0,0,592,22,592,-22,7.6,55.6,commercial,service,True,False,False,False,False
https://dreamlab.id/pkrt/,/pkrt/,24,39,-15,-38.5,4.84,11.14,-6.3,13.0,8.4,4.7,10,8,72,258,350,84,1203,-15,0.0,51.5,commercial,company_or_service,True,False,False,True,False
https://dreamlab.id/pabrik-parfum-makasar/,/pabrik-parfum-makasar/,0,10,-10,-100.0,0.0,3.46,-3.46,9.0,7.8,1.1,0,0,0,38,289,13,523,-10,1.9,42.4,commercial,service_landing,True,False,False,True,False
https://dreamlab.id/maklon-kosmetik-parfum-tangerang/,/maklon-kosmetik-parfum-tangerang/,0,9,-9,-100.0,1.15,1.26,-0.11,13.0,13.0,0.0,0,0,0,0,714,9,780,-9,10.5,57.0,commercial,service,True,False,False,False,False
https://dreamlab.id/pabrik-parfum-surabaya/,/pabrik-parfum-surabaya/,37,45,-8,-17.8,2.16,2.48,-0.32,8.3,7.7,0.6,0,18,6,1391,1811,106,4487,-8,39.5,60.4,commercial,service_landing,True,False,False,True,False
https://dreamlab.id/tren-parfum-arab-bisnis-maklon-dreamlab/,/tren-parfum-arab-bisnis-maklon-dreamlab/,0,8,-8,-100.0,2.38,2.16,0.22,5.0,4.4,0.6,0,0,0,0,370,24,1007,-8,26.4,38.6,brand,article,False,True,False,False,True
https://dreamlab.id/state-of-beauty-2025-tren-kecantikan-pertumbuhan-industri-kosmetik-perubahan-pasar/,/state-of-beauty-2025-tren-kecantikan-pertumbuhan-industri-kosmetik-perubahan-pasar/,6,13,-7,-53.8,1.37,1.0,0.37,9.6,7.2,2.3,1,2,20,439,1302,287,7269,-7,16.0,34.4,informational,article,False,True,False,False,True
https://dreamlab.id/maklon-jakarta-terbaik/,/maklon-jakarta-terbaik/,4,11,-7,-63.6,5.03,1.72,3.31,12.8,17.2,-4.4,2,2,56,322,640,23,2031,-7,0.0,52.6,commercial,service,True,False,False,False,False
https://dreamlab.id/rahasia-maklon-parfum-jakarta/,/rahasia-maklon-parfum-jakarta/,0,7,-7,-100.0,2.84,2.86,-0.01,11.1,10.1,1.1,0,0,0,0,245,12,422,-7,0.0,53.9,commercial,article,True,True,False,False,True
https://dreamlab.id/cara-bangun-brand-deodoran-sendiri/,/cara-bangun-brand-deodoran-sendiri/,0,6,-6,-100.0,0.0,10.71,-10.71,6.3,6.3,-0.0,0,0,3,21,56,8,201,-6,1.0,39.6,commercial,article,True,True,False,False,True
https://dreamlab.id/parfum/,/parfum/,9,15,-6,-40.0,1.16,1.61,-0.45,36.3,15.0,21.3,2,3,93,395,929,31,2717,-6,0.2,53.6,commercial,company_or_service,True,False,False,True,False
https://dreamlab.id/cara-menentukan-harga-jual-produk-kosmetik/,/cara-menentukan-harga-jual-produk-kosmetik/,3,9,-6,-66.7,2.35,0.94,1.41,8.1,6.8,1.3,1,2,118,591,959,19,2448,-6,15.7,55.8,commercial,article,True,True,False,False,True
https://dreamlab.id/prediksi-tren-2026/,/prediksi-tren-2026/,0,6,-6,-100.0,4.38,0.93,3.45,6.8,7.6,-0.8,0,0,0,0,643,129,2943,-6,18.1,43.5,informational,article,False,True,False,False,True
https://dreamlab.id/contoh-kalimat-iklan-kosmetik-unik/,/contoh-kalimat-iklan-kosmetik-unik/,17,23,-6,-26.1,0.44,0.21,0.23,9.1,5.5,3.6,8,6,1659,3887,10948,74,27361,-6,177.3,48.0,informational,article,False,True,False,False,True
https://dreamlab.id/maklon-skincare-surabaya-umkm/,/maklon-skincare-surabaya-umkm/,0,4,-4,-100.0,1.48,1.52,-0.03,12.7,11.7,1.0,0,0,0,0,264,9,607,-4,6.2,55.7,commercial,service,True,False,False,False,False
https://dreamlab.id/tren-sunscreen-2025-6-produk-yang-siap-jadi-bisnis/,/tren-sunscreen-2025-6-produk-yang-siap-jadi-bisnis/,0,4,-4,-100.0,0.0,1.86,-1.86,6.2,5.5,0.6,0,0,38,162,215,11,992,-4,8.1,49.5,commercial,article,True,True,False,False,True
https://dreamlab.id/alat-pengencang-wajah/,/alat-pengencang-wajah/,18,22,-4,-18.2,0.9,2.56,-1.66,6.6,4.7,1.9,2,3,238,1003,858,57,2392,-4,41.1,38.8,informational,article,False,True,False,False,True
https://dreamlab.id/jasa-maklon-sabun-mandi-batang/,/jasa-maklon-sabun-mandi-batang/,0,3,-3,-100.0,1.4,1.4,0.0,11.4,11.4,0.0,0,0,0,0,214,3,214,-3,2.3,50.7,commercial,service_landing,True,False,False,True,False
https://dreamlab.id/produk-whitening-branding-claim/,/produk-whitening-branding-claim/,0,3,-3,-100.0,0.0,3.8,-3.8,8.7,4.5,4.1,0,0,16,97,79,13,476,-3,4.9,47.0,commercial,product,True,False,False,False,False
https://dreamlab.id/pabrik-parfum-surabaya-biaya-2026/,/pabrik-parfum-surabaya-biaya-2026/,0,2,-2,-100.0,2.35,2.35,0.0,6.5,6.5,0.0,0,0,0,0,85,2,85,-2,2.3,46.3,commercial,service_landing,True,False,False,True,False
https://dreamlab.id/parfum-balm-vs-parfum-oil/,/parfum-balm-vs-parfum-oil/,3,5,-2,-40.0,0.38,0.97,-0.58,7.4,4.6,2.8,0,1,98,404,518,15,2072,-2,18.7,54.0,commercial,article,True,True,False,False,True
https://dreamlab.id/produk-viral-tiktok/,/produk-viral-tiktok/,0,2,-2,-100.0,0.0,3.17,-3.17,7.5,10.0,-2.5,0,0,22,109,63,2,272,-2,5.4,47.5,commercial,product,True,False,False,False,False
https://dreamlab.id/cara-ampuh-memutihkan-ketiak/,/cara-ampuh-memutihkan-ketiak/,0,2,-2,-100.0,0.0,0.22,-0.22,15.8,22.3,-6.5,0,0,105,639,904,5,3292,-2,16.0,36.2,informational,article,False,True,False,False,True
https://dreamlab.id/perusahaan-maklon-kosmetik/,/perusahaan-maklon-kosmetik/,0,2,-2,-100.0,0.0,1.4,-1.4,7.6,37.2,-29.5,0,0,0,19,143,2,162,-2,1.0,39.1,commercial,article,True,True,False,False,True
https://dreamlab.id/foot-care/,/foot-care/,1,3,-2,-66.7,0.65,1.97,-1.32,12.5,11.6,0.9,0,1,0,153,152,7,1017,-2,2.8,49.1,commercial,company_or_service,True,False,False,True,False
https://dreamlab.id/peluang-feminim-care-dalam-bisnis-pasar-yang-menjanjikan/,/peluang-feminim-care-dalam-bisnis-pasar-yang-menjanjikan/,1,3,-2,-66.7,3.33,6.52,-3.19,9.7,4.2,5.5,1,0,8,30,46,6,160,-2,0.5,41.3,commercial,article,True,True,False,False,True
https://dreamlab.id/maklon-parfum/,/maklon-parfum/,0,1,-1,-100.0,0.0,3.45,-3.45,30.2,43.7,-13.5,0,0,0,13,29,2,154,-1,0.2,37.3,commercial,service,True,False,False,False,False
https://dreamlab.id/bisnis-kosmetik-dari-nol/,/bisnis-kosmetik-dari-nol/,0,1,-1,-100.0,0.0,4.76,-4.76,6.0,8.4,-2.4,0,0,0,4,21,2,367,-1,0.2,31.6,commercial,article,True,True,False,False,True
https://dreamlab.id/cara-membuat-masker-wajah-organik/,/cara-membuat-masker-wajah-organik/,0,1,-1,-100.0,0.0,0.53,-0.53,7.8,9.2,-1.5,0,0,0,58,190,3,872,-1,2.9,24.5,informational,article,False,True,False,False,True
https://dreamlab.id/dreampreneur-beauty-academy-surabaya-2026/,/dreampreneur-beauty-academy-surabaya-2026/,0,1,-1,-100.0,16.67,20.0,-3.33,7.2,6.6,0.6,0,0,0,0,5,1,6,-1,0.0,13.6,local,article,False,True,False,False,True
https://dreamlab.id/rahasia-kulit-glowing-devina-karamoy/,/rahasia-kulit-glowing-devina-karamoy/,0,1,-1,-100.0,0.0,0.65,-0.65,7.6,9.8,-2.1,0,0,13,123,154,2,624,-1,6.2,48.1,commercial,article,True,True,False,False,True
https://dreamlab.id/category/bisnis-kosmetik/,/category/bisnis-kosmetik/,0,1,-1,-100.0,0.0,1.01,-1.01,20.7,32.6,-11.9,0,0,4,86,99,1,3973,-1,1.0,46.3,commercial,category,True,False,True,False,False
https://dreamlab.id/maklon-kosmetik-jakarta-dreamlab-2026/,/maklon-kosmetik-jakarta-dreamlab-2026/,0,1,-1,-100.0,0.49,0.36,0.13,17.8,15.4,2.4,0,0,0,0,280,2,411,-1,8.3,53.9,brand,service,True,False,False,False,False
https://dreamlab.id/tips-membuat-hand-sanitizer-bisnis/,/tips-membuat-hand-sanitizer-bisnis/,0,1,-1,-100.0,0.0,4.17,-4.17,11.1,10.8,0.3,0,0,2,49,24,2,200,-1,1.2,43.6,commercial,article,True,True,False,False,True
https://dreamlab.id/maklon-kosmetik-terbaik-bahasa/,/maklon-kosmetik-terbaik-bahasa/,0,1,-1,-100.0,0.0,4.55,-4.55,16.0,6.7,9.3,0,0,0,1,22,2,42,-1,0.0,25.0,commercial,service,True,False,False,False,False
https://dreamlab.id/atur-kosmetik-halal-dreamlab/,/atur-kosmetik-halal-dreamlab/,3,4,-1,-25.0,0.74,0.72,0.03,10.1,8.9,1.2,0,3,53,403,557,8,1012,-1,7.1,33.8,brand,article,False,True,False,False,True
https://dreamlab.id/strategi-tiktok-shop-campaign-gratis/,/strategi-tiktok-shop-campaign-gratis/,1,2,-1,-50.0,0.29,0.56,-0.27,9.0,7.2,1.8,0,1,40,342,354,10,1433,-1,16.1,53.2,commercial,article,True,True,False,False,True
https://dreamlab.id/perbedaan-privatelabel-vsodm/,/perbedaan-privatelabel-vsodm/,0,1,-1,-100.0,0.0,0.2,-0.2,9.3,6.7,2.5,0,0,41,215,491,3,1024,-1,10.8,50.9,commercial,article,True,True,False,False,True
https://dreamlab.id/hair-care/,/hair-care/,2,3,-1,-33.3,0.98,0.4,0.58,27.0,26.0,0.9,1,1,4,204,397,9,1129,-1,0.4,50.4,commercial,company_or_service,True,False,False,True,False
https://dreamlab.id/penyebab-ingrown-hair/,/penyebab-ingrown-hair/,0,1,-1,-100.0,0.0,1.1,-1.1,28.9,25.2,3.7,0,0,8,215,91,1,306,-1,2.6,50.7,commercial,article,True,True,False,False,True
https://dreamlab.id/category/maklon-skincare/,/category/maklon-skincare/,0,1,-1,-100.0,0.0,0.16,-0.16,37.8,38.2,-0.5,0,0,78,238,641,3,1514,-1,2.9,51.2,commercial,category,True,False,True,False,False
https://dreamlab.id/pabrik-parfum-malang-dreamlab/,/pabrik-parfum-malang-dreamlab/,17,18,-1,-5.6,1.1,3.64,-2.53,8.5,8.6,-0.1,5,5,198,811,495,35,1306,-1,31.6,57.6,brand,service_landing,True,False,False,True,False
https://dreamlab.id/cara-buat-parfum-sendiri-dengan-maklon/#Cara_Memulai_Brand_Parfum_Bersama_Dreamlab,/cara-buat-parfum-sendiri-dengan-maklon/#Cara_Memulai_Brand_Parfum_Bersama_Dreamlab/,0,0,0,,0.0,0.0,0.0,6.0,,,0,0,0,1,0,0,1,0,0.0,5.0,brand,article,False,True,False,False,True
https://dreamlab.id/parfum-inspired-peluang-bisnis/#3_Woody_Spicy_Inspired,/parfum-inspired-peluang-bisnis/#3_Woody_Spicy_Inspired/,0,0,0,,0.0,0.0,0.0,7.7,7.3,0.4,0,0,68,541,239,0,781,0,27.0,55.6,commercial,article,True,True,False,False,True
https://dreamlab.id/parfum-inspired-peluang-bisnis/#4_Fresh_Aquatic_Inspired,/parfum-inspired-peluang-bisnis/#4_Fresh_Aquatic_Inspired/,0,0,0,,0.0,0.0,0.0,7.7,7.3,0.4,0,0,68,541,239,0,781,0,27.0,55.6,commercial,article,True,True,False,False,True
https://dreamlab.id/parfum-inspired-peluang-bisnis/#Mengapa_Parfum_Inspired_Menjadi_Tren,/parfum-inspired-peluang-bisnis/#Mengapa_Parfum_Inspired_Menjadi_Tren/,0,0,0,,0.0,0.0,0.0,7.7,7.3,0.4,0,0,78,584,259,0,844,0,29.2,56.0,commercial,article,True,True,False,False,True
https://dreamlab.id/urutan-pabrik-skincare-terbaik-indonesia/#Daftar_5_Pabrik_Skincare_di_Indonesia_Terbaik_Update_2026,/urutan-pabrik-skincare-terbaik-indonesia/#Daftar_5_Pabrik_Skincare_di_Indonesia_Terbaik_Update_2026/,0,0,0,,0.0,0.0,0.0,7.8,9.1,-1.4,0,0,161,1081,730,0,1819,0,54.0,59.5,commercial,article,True,True,False,False,True
https://dreamlab.id/berapa-moq-maklon-skincare-di-dreamlab-ini-fakta-penting-untuk-pebisnis-pemula/#Tips_Memilih_Paket_MOQ_yang_Tepat_untuk_Bisnis_Skincare_Pemula,/berapa-moq-maklon-skincare-di-dreamlab-ini-fakta-penting-untuk-pebisnis-pemula/#Tips_Memilih_Paket_MOQ_yang_Tepat_untuk_Bisnis_Skincare_Pemula/,0,0,0,,0.0,0.0,0.0,10.0,2.0,8.0,0,0,0,1,1,0,3,0,0.0,5.0,brand,article,False,True,False,False,True
https://dreamlab.id/kontrol-kualitas-yang-ketat-rahasia-produk-berkualitas-tinggi/,/kontrol-kualitas-yang-ketat-rahasia-produk-berkualitas-tinggi/,0,0,0,,0.0,0.0,0.0,32.5,,,0,0,0,0,0,0,2,0,0.0,28.3,commercial,article,True,True,False,False,True
https://dreamlab.id/maklon-hairmist/#Berapa_Biaya_Maklon_Hair_Mist_dan_Haircare,/maklon-hairmist/#Berapa_Biaya_Maklon_Hair_Mist_dan_Haircare/,0,0,0,,0.0,0.0,0.0,7.0,9.0,-2.0,0,0,0,2,2,0,4,0,0.1,28.3,commercial,service,True,False,False,False,False
https://dreamlab.id/atur-kosmetik-halal-dreamlab/#Kenapa_Harus_Sertifikasi_Halal_Dampak_Manfaat_bagi_Brand,/atur-kosmetik-halal-dreamlab/#Kenapa_Harus_Sertifikasi_Halal_Dampak_Manfaat_bagi_Brand/,0,0,0,,0.0,0.0,0.0,9.1,9.1,0.0,0,0,0,0,75,0,75,0,3.8,25.7,brand,article,False,True,False,False,True
https://dreamlab.id/tren-brand-kosmetik-lokal-2025/#Panduan_Lengkap_Maklon_Dreamlab,/tren-brand-kosmetik-lokal-2025/#Panduan_Lengkap_Maklon_Dreamlab/,0,0,0,,0.0,0.0,0.0,9.0,,,0,0,0,0,0,0,83,0,4.2,26.2,brand,article,False,True,False,False,True
https://dreamlab.id/contoh-kalimat-iklan-kosmetik-unik/#Untuk_Iklan_Skincare_Fokus_pada_Solusi,/contoh-kalimat-iklan-kosmetik-unik/#Untuk_Iklan_Skincare_Fokus_pada_Solusi/,0,0,0,,0.0,0.0,0.0,8.8,9.5,-0.8,0,0,20,84,345,0,514,0,4.2,26.3,informational,article,False,True,False,False,True
https://dreamlab.id/membangun-citra-merek-melalui-desain-kemasan-keunggulan-maklon-kosmetik/,/membangun-citra-merek-melalui-desain-kemasan-keunggulan-maklon-kosmetik/,0,0,0,,0.0,0.0,0.0,7.0,,,0,0,0,0,0,0,2,0,0.1,28.3,commercial,article,True,True,False,False,True
https://dreamlab.id/memberikan-kebahagiaan-untuk-orang-lain-membagikan-kecantikan-dengan-produk-maklon-anda/,/memberikan-kebahagiaan-untuk-orang-lain-membagikan-kecantikan-dengan-produk-maklon-anda/,0,0,0,,0.0,0.0,0.0,28.0,,,0,0,0,0,0,0,2,0,0.0,28.3,commercial,article,True,True,False,False,True
https://www.dreamlab.id/produk/skincare/cleansing/milk-cleanser/,/produk/skincare/cleansing/milk-cleanser/,0,0,0,,0.0,0.0,0.0,3.0,,,0,0,0,2,0,0,2,0,0.4,28.3,commercial,product,True,False,False,False,False
https://dreamlab.id/moq-maklon-kosmetik/,/moq-maklon-kosmetik/,0,0,0,,0.0,0.0,0.0,7.5,,,0,0,2,2,0,0,2,0,0.1,28.3,commercial,article,True,True,False,False,True
https://www.dreamlab.id/produk/skincare/facial-toner/moisturizing-facial-toner/,/produk/skincare/facial-toner/moisturizing-facial-toner/,0,0,0,,0.0,0.0,0.0,7.0,,,0,0,2,2,0,0,2,0,0.1,28.3,commercial,product,True,False,False,False,False
https://dreamlab.id/jasa-maklon-parfum-bali-terbaik-terlengkap/#Miliki_Brand_Parfum_Eksklusif,/jasa-maklon-parfum-bali-terbaik-terlengkap/#Miliki_Brand_Parfum_Eksklusif/,0,0,0,,0.0,0.0,0.0,8.8,8.6,0.2,0,0,45,196,258,0,507,0,9.8,50.4,commercial,service_landing,True,False,False,True,False
https://dreamlab.id/state-of-beauty-2025-tren-kecantikan-pertumbuhan-industri-kosmetik-perubahan-pasar/#Tren_Kecantikan2025_yang_Akan_Mendominasi_Pasar_Global,/state-of-beauty-2025-tren-kecantikan-pertumbuhan-industri-kosmetik-perubahan-pasar/#Tren_Kecantikan2025_yang_Akan_Mendominasi_Pasar_Global/,0,0,0,,0.0,0.0,0.0,3.8,5.2,-1.4,0,0,0,5,29,1,126,0,0.5,12.7,informational,article,False,True,False,False,True
https://dreamlab.id/contact-form-dreamlab/,/contact-form-dreamlab/,0,0,0,,0.0,0.0,0.0,7.0,6.2,0.8,0,0,0,0,4,0,5,0,0.2,12.7,brand,article,False,True,False,False,True
https://dreamlab.id/dreamlab-kolaborasi-di-klifm-bongkar-strategi-bisnis-kosmetik/,/dreamlab-kolaborasi-di-klifm-bongkar-strategi-bisnis-kosmetik/,0,0,0,,0.0,0.0,0.0,7.6,,,0,0,5,5,0,0,5,0,0.2,12.7,brand,article,False,True,False,False,True
https://dreamlab.id/strategi-globalisasi-merek-kosmetik-yang-menjangkau-pasar-internasional/,/strategi-globalisasi-merek-kosmetik-yang-menjangkau-pasar-internasional/,0,0,0,,0.0,0.0,0.0,6.2,,,0,0,0,0,0,0,6,0,0.3,13.6,local,article,False,True,False,False,True
https://dreamlab.id/bangun-brand-skincare-lebih-strategis-dreamlab/,/bangun-brand-skincare-lebih-strategis-dreamlab/,0,0,0,,0.0,0.0,0.0,58.6,,,0,0,0,7,0,1,42,0,0.1,14.3,brand,article,False,True,False,False,True
https://dreamlab.id/state-of-beauty-2025-tren-kecantikan-pertumbuhan-industri-kosmetik-perubahan-pasar/#Perkembangan_Industri_Kosmetik2025_di_Indonesia_dan_Asia_Tenggara,/state-of-beauty-2025-tren-kecantikan-pertumbuhan-industri-kosmetik-perubahan-pasar/#Perkembangan_Industri_Kosmetik2025_di_Indonesia_dan_Asia_Tenggara/,0,0,0,,0.0,0.0,0.0,4.1,6.1,-2.0,0,0,0,9,39,0,248,0,0.9,15.5,local,article,False,True,False,False,True
https://dreamlab.id/biaya-maklon-parfum-moq-kecil/#Berapa_Estimasi_Biaya_Maklon_Parfum_di_Dreamlab,/biaya-maklon-parfum-moq-kecil/#Berapa_Estimasi_Biaya_Maklon_Parfum_di_Dreamlab/,0,0,0,,0.0,0.0,0.0,8.4,10.0,-1.6,0,0,0,9,68,0,77,0,0.4,15.5,brand,article,False,True,False,False,True
https://dreamlab.id/bebas-berkarya-ciptakan-produk-skincare-impian-anda-dengan-dreamlab/,/bebas-berkarya-ciptakan-produk-skincare-impian-anda-dengan-dreamlab/,0,0,0,,0.0,0.0,0.0,8.2,,,0,0,0,0,0,0,10,0,0.5,16.0,brand,article,False,True,False,False,True
https://dreamlab.id/parfum-inspired-peluang-bisnis/#1_Floral_Inspired,/parfum-inspired-peluang-bisnis/#1_Floral_Inspired/,0,0,0,,0.0,0.0,0.0,7.7,7.3,0.4,0,0,68,541,239,0,781,0,27.0,55.6,commercial,article,True,True,False,False,True
https://dreamlab.id/parfum-inspired-peluang-bisnis/#2_Gourmand_Inspired,/parfum-inspired-peluang-bisnis/#2_Gourmand_Inspired/,0,0,0,,0.0,0.0,0.0,7.7,7.3,0.4,0,0,78,588,263,0,852,0,29.4,56.1,commercial,article,True,True,False,False,True
https://dreamlab.id/strategi-tiktok-shop-campaign-gratis/#Cara_Mengoptimalkan_Campaign_Promosi,/strategi-tiktok-shop-campaign-gratis/#Cara_Mengoptimalkan_Campaign_Promosi/,0,0,0,,0.0,0.0,0.0,6.0,,,0,0,0,0,0,0,3,0,0.2,10.3,informational,article,False,True,False,False,True
https://dreamlab.id/tag/dreamlab/,/tag/dreamlab/,0,0,0,,0.0,0.0,0.0,21.8,,,0,0,0,0,0,0,5,0,0.1,12.7,brand,article,False,True,False,False,True
https://dreamlab.id/berkelanjutan-dari-a-z-tren-formulasi-produk-yang-mendukung-lingkungan/,/berkelanjutan-dari-a-z-tren-formulasi-produk-yang-mendukung-lingkungan/,0,0,0,,0.0,0.0,0.0,12.0,,,0,0,0,0,0,0,1,0,0.0,5.0,informational,article,False,True,False,False,True
https://dreamlab.id/pabrik-skincare-maklon/,/pabrik-skincare-maklon/,0,0,0,,0.0,0.0,0.0,34.3,65.4,-31.1,0,0,95,236,192,1,707,0,2.8,51.2,commercial,service_landing,True,False,False,True,False
https://dreamlab.id/berapa-moq-maklon-skincare-di-dreamlab-ini-fakta-penting-untuk-pebisnis-pemula/#Perbandingan_MOQ_Maklon_Skincare_Dreamlab_dengan_Penyedia_Lainnya,/berapa-moq-maklon-skincare-di-dreamlab-ini-fakta-penting-untuk-pebisnis-pemula/#Perbandingan_MOQ_Maklon_Skincare_Dreamlab_dengan_Penyedia_Lainnya/,0,0,0,,0.0,0.0,0.0,10.0,2.0,8.0,0,0,0,1,1,0,3,0,0.0,5.0,brand,article,False,True,False,False,True
https://dreamlab.id/rahasia-bisnis-skincare-sukses-tips-dari-para-pengusaha-wanita/,/rahasia-bisnis-skincare-sukses-tips-dari-para-pengusaha-wanita/,0,0,0,,0.0,0.0,0.0,8.0,,,0,0,0,0,0,0,1,0,0.0,25.0,commercial,article,True,True,False,False,True
https://dreamlab.id/wp-content/uploads/2025/08/high-angle-view-coffee-cup-table-scaled.jpg,/wp-content/uploads/2025/08/high-angle-view-coffee-cup-table-scaled.jpg/,0,0,0,,0.0,0.0,0.0,24.0,,,0,0,0,0,0,0,1,0,0.0,25.0,commercial,article,True,True,False,False,True
https://dreamlab.id/produk/skincare/facial-wash/acne-facial-wash/,/produk/skincare/facial-wash/acne-facial-wash/,0,0,0,,0.0,0.0,0.0,9.0,,,0,0,1,1,0,0,1,0,0.0,25.0,commercial,product,True,False,False,False,False
https://dreamlab.id/lisensi-dan-peraturan-yang-perlu-dipahami-dalam-memulai-bisnis-maklon-kosmetik/,/lisensi-dan-peraturan-yang-perlu-dipahami-dalam-memulai-bisnis-maklon-kosmetik/,0,0,0,,0.32,0.0,0.32,52.9,,,0,0,0,0,0,1,315,0,2.8,52.5,commercial,article,True,True,False,False,True
https://dreamlab.id/ide-bisnis-kosmetik/,/ide-bisnis-kosmetik/,0,0,0,,0.66,0.0,0.66,7.2,,,0,0,0,0,0,2,305,0,13.3,52.6,commercial,article,True,True,False,False,True
https://dreamlab.id/inovasi-terbaru-dalam-dunia-skincare-peluang-bagi-wanita-karir/,/inovasi-terbaru-dalam-dunia-skincare-peluang-bagi-wanita-karir/,0,0,0,,0.0,0.0,0.0,44.8,,,0,0,0,0,0,0,209,0,2.5,50.6,commercial,article,True,True,False,False,True
https://dreamlab.id/menyelami-dunia-desain-kemasan-strategi-penting-dari-jasa-maklon-kosmetik/,/menyelami-dunia-desain-kemasan-strategi-penting-dari-jasa-maklon-kosmetik/,0,0,0,,0.47,0.0,0.47,54.9,,,0,0,0,0,0,1,212,0,1.5,50.6,commercial,article,True,True,False,False,True
https://dreamlab.id/pengganti-hydroquinone-flek-hitam-aman/,/pengganti-hydroquinone-flek-hitam-aman/,3,3,0,0.0,1.4,2.97,-1.57,9.7,6.0,3.7,1,1,51,214,101,6,315,0,7.7,50.8,commercial,article,True,True,False,False,True
https://dreamlab.id/cara-membuat-hb-dosting-sendiri/#Kenapa_Bisnis_HB_Dosting_Sangat_Laris_di_Market,/cara-membuat-hb-dosting-sendiri/#Kenapa_Bisnis_HB_Dosting_Sangat_Laris_di_Market/,0,0,0,,0.0,0.0,0.0,7.1,6.3,0.8,0,0,15,168,30,0,198,0,8.4,49.6,commercial,article,True,True,False,False,True
https://dreamlab.id/cara-membuat-hb-dosting-sendiri/#Langkah_Mudah_Membuat_Brand_HB_Dosting_Sendiri,/cara-membuat-hb-dosting-sendiri/#Langkah_Mudah_Membuat_Brand_HB_Dosting_Sendiri/,0,0,0,,0.0,0.0,0.0,7.1,6.3,0.8,0,0,15,168,30,0,198,0,8.4,49.6,commercial,article,True,True,False,False,True
https://dreamlab.id/maklon-scalp-haircare-bisnis-produk-rambut-sehat/,/maklon-scalp-haircare-bisnis-produk-rambut-sehat/,0,0,0,,0.0,0.0,0.0,12.4,6.5,5.9,0,0,0,0,2,0,168,0,4.2,49.6,commercial,service,True,False,False,False,False
https://dreamlab.id/produk/bodycare/,/produk/bodycare/,0,0,0,,0.0,0.0,0.0,21.8,,,0,0,63,176,0,0,176,0,2.1,49.7,commercial,product,True,False,False,False,False
https://dreamlab.id/ide-bisnis-kosmetik-menjan-jikan-2026/,/ide-bisnis-kosmetik-menjan-jikan-2026/,0,0,0,,1.72,0.0,1.72,7.1,,,0,0,0,0,0,3,174,0,5.7,49.8,commercial,article,True,True,False,False,True
https://dreamlab.id/produk/skincare/,/produk/skincare/,0,0,0,,0.0,0.0,0.0,24.0,,,0,0,97,253,0,0,253,0,3.0,51.5,commercial,product,True,False,False,False,False
https://dreamlab.id/perbedaan-moisturizer-gel-vs-cream/#Cara_Membuat_Brand_Moisturizer,/perbedaan-moisturizer-gel-vs-cream/#Cara_Membuat_Brand_Moisturizer/,0,0,0,,0.0,0.0,0.0,7.2,9.8,-2.6,0,0,141,258,54,0,411,0,12.9,51.8,commercial,article,True,True,False,False,True
https://dreamlab.id/efisiensi-biaya-dalam-produksi-kosmetik-maklon-tips-dan-strategi/,/efisiensi-biaya-dalam-produksi-kosmetik-maklon-tips-dan-strategi/,0,0,0,,0.73,0.0,0.73,52.0,,,0,0,0,0,0,2,275,0,1.3,51.9,commercial,article,True,True,False,False,True
https://dreamlab.id/ingin-memulai-bisnis-kosmetik-tanpa-pengalaman-produksi-maklon-kosmetik-solusi-tepat-untuk-pemula/,/ingin-memulai-bisnis-kosmetik-tanpa-pengalaman-produksi-maklon-kosmetik-solusi-tepat-untuk-pemula/,0,0,0,,0.0,0.0,0.0,55.6,,,0,0,0,0,0,0,199,0,2.4,50.3,commercial,article,True,True,False,False,True
https://dreamlab.id/jasa-maklon-parfum-bali-terbaik-terlengkap/#Miliki_brand_parfum_dengan_aroma_Custom,/jasa-maklon-parfum-bali-terbaik-terlengkap/#Miliki_brand_parfum_dengan_aroma_Custom/,0,0,0,,0.0,0.0,0.0,8.8,8.6,0.2,0,0,43,190,252,0,492,0,9.5,50.3,commercial,service_landing,True,False,False,True,False
https://dreamlab.id/perbedaan-moisturizer-gel-vs-cream/#Buat_produk_Moisturizer_dengan_Nama_Brandmu_Sendiri,/perbedaan-moisturizer-gel-vs-cream/#Buat_produk_Moisturizer_dengan_Nama_Brandmu_Sendiri/,0,0,0,,0.0,0.0,0.0,7.3,9.8,-2.5,0,0,143,277,54,0,435,0,13.8,52.1,commercial,article,True,True,False,False,True
https://dreamlab.id/tren-brand-kosmetik-lokal-2025/#Cara_Maklon_di_Dreamlab_Dari_Ide_Hingga_Produk_Siap_Viral,/tren-brand-kosmetik-lokal-2025/#Cara_Maklon_di_Dreamlab_Dari_Ide_Hingga_Produk_Siap_Viral/,0,0,0,,0.0,0.0,0.0,7.7,,,0,0,0,0,0,0,3,0,0.2,10.3,brand,article,False,True,False,False,True
https://dreamlab.id/state-of-beauty-2025-tren-kecantikan-pertumbuhan-industri-kosmetik-perubahan-pasar/#Panorama_Industri_Kecantikan_Global_2025,/state-of-beauty-2025-tren-kecantikan-pertumbuhan-industri-kosmetik-perubahan-pasar/#Panorama_Industri_Kecantikan_Global_2025/,0,0,0,,0.0,0.0,0.0,6.2,6.4,-0.1,0,0,0,4,29,0,234,0,0.2,11.6,informational,article,False,True,False,False,True
https://dreamlab.id/lulur-vs-hb-dosting/#Apa_Itu_HB_Dosting,/lulur-vs-hb-dosting/#Apa_Itu_HB_Dosting/,0,0,0,,0.0,0.0,0.0,8.2,,,0,0,4,4,0,0,4,0,0.2,11.6,informational,article,False,True,False,False,True
https://dreamlab.id/lulur-vs-hb-dosting/#Langkah-Langkah_Membuat_Body_Care_dengan_Merek_Sendiri,/lulur-vs-hb-dosting/#Langkah-Langkah_Membuat_Body_Care_dengan_Merek_Sendiri/,0,0,0,,0.0,0.0,0.0,8.2,,,0,0,4,4,0,0,4,0,0.2,11.6,informational,article,False,True,False,False,True
https://dreamlab.id/cara-menghilangkan-ketombe/,/cara-menghilangkan-ketombe/,0,0,0,,0.0,0.0,0.0,34.5,10.9,23.6,0,0,1,4,7,0,67,0,0.0,11.6,informational,article,False,True,False,False,True
