page,clicks,impressions,ctr,position
https://dreamlab.id/memunculkan-keranjang-reels/,1044,26710,0.039086,2.65
https://dreamlab.id/,281,5469,0.051381,9.11
https://dreamlab.id/industri-kosmetik-indonesia-terus-tumbuh/,94,2320,0.040517,6.78
https://dreamlab.id/urutan-pabrik-skincare-terbaik-indonesia/,67,6419,0.010438,10.01
https://dreamlab.id/pabrik-parfum-surabaya/,45,1811,0.024848,7.7
https://dreamlab.id/pkrt/,39,350,0.111429,8.35
https://dreamlab.id/jasa-maklon-parfum-bali-terbaik-terlengkap/,34,1059,0.032106,6.97
https://dreamlab.id/contact-us/,29,1957,0.014819,10.65
https://dreamlab.id/pabrik-maklon-kosmetik-surabaya-terlengkap/,25,1614,0.015489,13.52
https://dreamlab.id/contoh-kalimat-iklan-kosmetik-unik/,23,10948,0.002101,5.53
https://dreamlab.id/alat-pengencang-wajah/,22,858,0.025641,4.74
https://dreamlab.id/maklon-parfum-jakarta/,22,592,0.037162,8.7
https://dreamlab.id/jasa-maklon-parfum-moq-rendah/,20,503,0.039761,14.87
https://dreamlab.id/jenis-alkohol-dalam-parfum/,20,4294,0.004658,6.44
https://dreamlab.id/cara-membuat-hb-dosting-sendiri/,18,634,0.028391,5.51
https://dreamlab.id/pabrik-parfum-malang-dreamlab/,18,495,0.036364,8.58
https://dreamlab.id/parfum/,15,929,0.016146,15.04
https://dreamlab.id/cara-membuka-offline-store-kosmetik-2026/,13,771,0.016861,6.74
https://dreamlab.id/state-of-beauty-2025-tren-kecantikan-pertumbuhan-industri-kosmetik-perubahan-pasar/,13,1302,0.009985,7.22
https://dreamlab.id/career/,12,189,0.063492,11.46
https://dreamlab.id/cara-meracik-handbody-pemutih-alami/,11,1197,0.00919,6.8
https://dreamlab.id/maklon-jakarta-terbaik/,11,640,0.017188,17.16
https://dreamlab.id/pabrik-parfum-makasar/,10,289,0.034602,7.81
https://dreamlab.id/cara-menentukan-harga-jual-produk-kosmetik/,9,959,0.009385,6.83
https://dreamlab.id/jasa-maklon-kosmetik-bandung/,9,723,0.012448,11.94
https://dreamlab.id/maklon-kosmetik-parfum-tangerang/,9,714,0.012605,12.95
https://dreamlab.id/pabrik-maklon-kosmetik-sidoarjo-dreamlab/,9,799,0.011264,9.2
https://dreamlab.id/services/,9,628,0.014331,7.64
https://dreamlab.id/8-tren-kecantikan-2026-smart-formula/,8,874,0.009153,8.93
https://dreamlab.id/baby-care/,8,728,0.010989,26.21
https://dreamlab.id/pabrik-parfum-jakarta/,8,543,0.014733,16.72
https://dreamlab.id/parfum-inspired-peluang-bisnis/,8,1146,0.006981,5.32
https://dreamlab.id/tren-parfum-arab-bisnis-maklon-dreamlab/,8,370,0.021622,4.39
https://dreamlab.id/rahasia-maklon-parfum-jakarta/,7,245,0.028571,10.06
https://dreamlab.id/tren-aroma-parfum-2026-terbaru/,7,983,0.007121,4.9
https://dreamlab.id/biaya-maklon-parfum-moq-kecil/,6,744,0.008065,8.49
https://dreamlab.id/cara-bangun-brand-deodoran-sendiri/,6,56,0.107143,6.3
https://dreamlab.id/cara-hitunghpp-produk-kosmeti/,6,165,0.036364,6.12
https://dreamlab.id/prediksi-tren-2026/,6,643,0.009331,7.59
https://dreamlab.id/maklon-hair-treatment-salon-premium/,5,151,0.033113,17.88
https://dreamlab.id/maklon-kosmetik-tangerang-terpercaya/,5,595,0.008403,14.11
https://dreamlab.id/maklon-parfum-anak-custom-aroma/,5,146,0.034247,24.62
https://dreamlab.id/maklon-parfum-dreamlab/,5,323,0.01548,26.71
https://dreamlab.id/pabrik-shampoo-merek-sendiri/,5,142,0.035211,15.11
https://dreamlab.id/parfum-arab-ide-bisnis-2026/,5,308,0.016234,6.29
https://dreamlab.id/parfum-balm-vs-parfum-oil/,5,518,0.009653,4.64
https://dreamlab.id/trend-body-care-2025-produk-viral-tiktok-shopee-dreamlab-maklon-kosmetik/,5,326,0.015337,6.58
https://dreamlab.id/atur-kosmetik-halal-dreamlab/,4,557,0.007181,8.92
https://dreamlab.id/jasa-maklon-bar-soap-merek-sendiri/,4,172,0.023256,14.59
https://dreamlab.id/lulur-vs-hb-dosting/,4,2826,0.001415,1.64
https://dreamlab.id/maklon-parfum-makassar/,4,224,0.017857,8.82
https://dreamlab.id/maklon-skincare-jawa-timur-dreamlab/,4,310,0.012903,22.88
https://dreamlab.id/maklon-skincare-nad-plus-anti-aging/,4,271,0.01476,7.42
https://dreamlab.id/maklon-skincare-surabaya-umkm/,4,264,0.015152,11.7
https://dreamlab.id/rebranding-produk-kosmetik/,4,242,0.016529,5.96
https://dreamlab.id/tren-sunscreen-2025-6-produk-yang-siap-jadi-bisnis/,4,215,0.018605,5.54
https://dreamlab.id/about-us/,3,560,0.005357,8.13
https://dreamlab.id/asa-maklon-antiperspirant-terpercaya/,3,79,0.037975,13.38
https://dreamlab.id/category/maklon-bodycare/,3,343,0.008746,15.29
https://dreamlab.id/cysteamine-alternatif-hydroquinone/,3,224,0.013393,6.5
https://dreamlab.id/foot-care/,3,152,0.019737,11.6
https://dreamlab.id/hair-care/,3,373,0.008043,31.79
https://dreamlab.id/ide-bisnis-kosmetik-2026/,3,1018,0.002947,6.4
https://dreamlab.id/jadwalkanvisitmeeting.php,3,693,0.004329,9.91
https://dreamlab.id/jasa-maklon-sabun-mandi-batang/,3,214,0.014019,11.44
https://dreamlab.id/maklon-bodycare-dreamlab-moq-fleksibel/,3,443,0.006772,13.55
https://dreamlab.id/maklon-hairmist/,3,294,0.010204,23.44
https://dreamlab.id/pabrik-skincare-aceh-bpom-terlengkap/,3,147,0.020408,8.39
https://dreamlab.id/peluang-feminim-care-dalam-bisnis-pasar-yang-menjanjikan/,3,46,0.065217,4.2
https://dreamlab.id/pengganti-hydroquinone-flek-hitam-aman/,3,101,0.029703,6.03
https://dreamlab.id/produk-whitening-branding-claim/,3,79,0.037975,4.54
https://dreamlab.id/astaxanthin-mengapa-bahan-aktif-ini-sedang-naik-daun-di-industri-kosmetik/,2,317,0.006309,15.67
https://dreamlab.id/cara-ampuh-memutihkan-ketiak/,2,904,0.002212,22.28
https://dreamlab.id/category/dreamlabpedia/,2,141,0.014184,10.86
https://dreamlab.id/category/maklon-parfum/,2,159,0.012579,15.57
https://dreamlab.id/hair-vitamin-lokal-indonesia-viral-di-korea/,2,81,0.024691,9.68
https://dreamlab.id/jenis-packaging-box-parfum/,2,201,0.00995,7.46
https://dreamlab.id/maklon-body-whitening-formula-juara/,2,145,0.013793,25.03
https://dreamlab.id/maklon-brand-kosmetik-sendiri-100pcs-pemula/,2,77,0.025974,11.29
https://dreamlab.id/maklon-produk-man-care/,2,130,0.015385,15.7
https://dreamlab.id/manfaat-hair-tonic-ginseng-rambut/,2,288,0.006944,8.04
https://dreamlab.id/news-blog/,2,184,0.01087,32.11
https://dreamlab.id/pabrik-parfum-surabaya-biaya-2026/,2,85,0.023529,6.47
https://dreamlab.id/panduan-maklon-deodorant-bpom/,2,79,0.025316,6.84
https://dreamlab.id/perbedaan-moisturizer-gel-vs-cream/,2,1755,0.00114,8.0
https://dreamlab.id/perusahaan-maklon-kosmetik/,2,143,0.013986,37.17
https://dreamlab.id/produk-viral-tiktok/,2,63,0.031746,10
https://dreamlab.id/rekomendasi-sunscreen-lokal/,2,459,0.004357,12.35
https://dreamlab.id/skincare-natural-bali-pasar-internasional/,2,120,0.016667,14.62
https://dreamlab.id/strategi-tiktok-shop-campaign-gratis/,2,354,0.00565,7.23
https://dreamlab.id/tren-memulai-bisnis-skincare-2025/,2,445,0.004494,7.82
https://dreamlab.id/affiliate-kol-brand-skincare/,1,2342,0.000427,4.43
https://dreamlab.id/ai-data-cara-brand-kosmetik-baru-menemukan-formula-viral/,1,100,0.01,7.58
https://dreamlab.id/basic-skincare-pria-wajib/,1,344,0.002907,14.42
https://dreamlab.id/berapa-moq-maklon-skincare-di-dreamlab-ini-fakta-penting-untuk-pebisnis-pemula/,1,152,0.006579,11.73
https://dreamlab.id/bisnis-kosmetik-dari-nol/,1,21,0.047619,8.38
https://dreamlab.id/bisnis-perawatan-pria/,1,97,0.010309,15.7
https://dreamlab.id/body-care/,1,307,0.003257,37.89
https://dreamlab.id/cara-buat-parfum-sendiri-dengan-maklon/,1,51,0.019608,8.31
https://dreamlab.id/cara-membuat-masker-wajah-organik/,1,190,0.005263,9.25
https://dreamlab.id/cara-personal-banding/,1,224,0.004464,7.0
https://dreamlab.id/category/bisnis-kosmetik/,1,99,0.010101,32.65
https://dreamlab.id/category/maklon-skincare/,1,641,0.00156,38.25
https://dreamlab.id/decorative/,1,193,0.005181,17.15
https://dreamlab.id/dreampreneur-beauty-academy-surabaya-2026/,1,5,0.2,6.6
https://dreamlab.id/inovasi-maklon-haircare-2026/,1,141,0.007092,12.23
https://dreamlab.id/jasa-maklon-lipstik-bpom-terpercaya/,1,144,0.006944,7.21
https://dreamlab.id/maklon-body-lotion-dupe-highend/,1,12,0.083333,8.58
https://dreamlab.id/maklon-body-wash-berkualitas-dan-bersertifikat-bpom/,1,130,0.007692,10.47
https://dreamlab.id/maklon-hair-care-kesalahan-pemula-brand/,1,12,0.083333,15.67
https://dreamlab.id/maklon-kosmetik-ibu-hamil/,1,180,0.005556,8.39
https://dreamlab.id/maklon-kosmetik-jakarta-dreamlab-2026/,1,280,0.003571,15.43
https://dreamlab.id/maklon-kosmetik-serum-exosome-pdrn-dreamlab/,1,113,0.00885,7.74
https://dreamlab.id/maklon-kosmetik-terbaik-bahasa/,1,22,0.045455,6.73
https://dreamlab.id/maklon-parfum/,1,29,0.034483,43.69
https://dreamlab.id/maklon-skincare-jakarta-brand-klinik-2026/,1,100,0.01,25.16
https://dreamlab.id/our-client/,1,138,0.007246,8.72
https://dreamlab.id/penyebab-ingrown-hair/,1,91,0.010989,25.15
https://dreamlab.id/perbedaan-privatelabel-vsodm/,1,491,0.002037,6.74
https://dreamlab.id/rahasia-kulit-glowing-devina-karamoy/,1,154,0.006494,9.75
https://dreamlab.id/rahasia-perawatan-rambut-keriting-tetap-sehat-lembut-dan-terdefinisi/,1,46,0.021739,18.09
https://dreamlab.id/shop/,1,164,0.006098,11.28
https://dreamlab.id/slug-maklon-kosmetik-indonesia-vs-china/,1,209,0.004785,8.41
https://dreamlab.id/strategi-brand-viral-tiktok/,1,574,0.001742,6.85
https://dreamlab.id/tips-membuat-hand-sanitizer-bisnis/,1,24,0.041667,10.83
https://dreamlab.id/tren-brand-kosmetik-lokal-2025/,1,211,0.004739,8.46
https://dreamlab.id/waterless-beauty-2025/,1,84,0.011905,7.25
https://dreamlab.id/about-us/alur-maklon/,0,140,0,22.01
https://dreamlab.id/academy-beautypreneur/,0,6,0,4.17
https://dreamlab.id/affiliate-kol-brand-skincare/#Bagaimana_Mendapatkan_KOL_Gratis,0,16,0,10.94
https://dreamlab.id/affiliate-kol-brand-skincare/#Frequently_Asked_Questions_FAQ,0,12,0,11.08
https://dreamlab.id/affiliate-kol-brand-skincare/#Mana_yang_Lebih_Menguntungkan,0,13,0,11.15
https://dreamlab.id/affiliate-kol-brand-skincare/#Menggunakan_Affiliate_Jika%E2%80%A6,0,12,0,11.08
https://dreamlab.id/affiliate-kol-brand-skincare/#Menggunakan_KOL_Jika%E2%80%A6,0,13,0,11.15
https://dreamlab.id/affiliate-kol-brand-skincare/#Perbedaan_Mendasar_antara_Affiliate_dan_KOL,0,15,0,10.87
https://dreamlab.id/atur-kosmetik-halal-dreamlab/#Dasar_Hukum_Tenggat_Waktu,0,75,0,9.12
https://dreamlab.id/atur-kosmetik-halal-dreamlab/#Kenapa_Harus_Sertifikasi_Halal_Dampak_Manfaat_bagi_Brand,0,75,0,9.12
https://dreamlab.id/atur-kosmetik-halal-dreamlab/#Makeup_Produk_Dekoratif,0,75,0,9.12
https://dreamlab.id/atur-kosmetik-halal-dreamlab/#Produk_Perawatan_Rambut_Kulit_Kepala,0,75,0,9.12
https://dreamlab.id/atur-kosmetik-halal-dreamlab/#Produk_Tambahan_Penunjang,0,125,0,8.54
https://dreamlab.id/atur-kosmetik-halal-dreamlab/#Produk_yang_bisa_diproduksi_di_dreamlab_dengan_sertifikat_Halal,0,125,0,8.54
https://dreamlab.id/author/admin/,0,95,0,22.73
https://dreamlab.id/author/admin/page/5/,0,8,0,8.12
https://dreamlab.id/author/admin/page/6/,0,1,0,10
https://dreamlab.id/author/admin/page/7/,0,10,0,37.2
https://dreamlab.id/author/admin/page/8/,0,2,0,23.5
https://dreamlab.id/bahan-aktif-skincare-jerawat/,0,52,0,11.1
https://dreamlab.id/bahan-aktif-skincare-paling-dicari/,0,27,0,8.44
https://dreamlab.id/bahan-aktif-untuk-mengatasi-jerawat/,0,34,0,11
https://dreamlab.id/berapa-moq-maklon-skincare-di-dreamlab-ini-fakta-penting-untuk-pebisnis-pemula/#MOQ_Maklon_Skincare_di_Dreamlab_Ketentuan_dan_Kebijakan,0,1,0,2
https://dreamlab.id/berapa-moq-maklon-skincare-di-dreamlab-ini-fakta-penting-untuk-pebisnis-pemula/#Memahami_Konsep_MOQ_dalam_Industri_Skincare,0,1,0,2
https://dreamlab.id/berapa-moq-maklon-skincare-di-dreamlab-ini-fakta-penting-untuk-pebisnis-pemula/#Perbandingan_MOQ_Maklon_Skincare_Dreamlab_dengan_Penyedia_Lainnya,0,1,0,2
https://dreamlab.id/berapa-moq-maklon-skincare-di-dreamlab-ini-fakta-penting-untuk-pebisnis-pemula/#Profil_Dreamlab_sebagai_Penyedia_Jasa_Maklon_Skincare_Terpercaya,0,1,0,2
https://dreamlab.id/berapa-moq-maklon-skincare-di-dreamlab-ini-fakta-penting-untuk-pebisnis-pemula/#Studi_Kasus_Kesuksesan_Brand_Skincare_Pemula_dengan_MOQ_Dreamlab,0,1,0,2
https://dreamlab.id/berapa-moq-maklon-skincare-di-dreamlab-ini-fakta-penting-untuk-pebisnis-pemula/#Tantangan_dan_Solusi_dalam_Memenuhi_MOQ_untuk_Pebisnis_Pemula,0,1,0,2
https://dreamlab.id/berapa-moq-maklon-skincare-di-dreamlab-ini-fakta-penting-untuk-pebisnis-pemula/#Tips_Memilih_Paket_MOQ_yang_Tepat_untuk_Bisnis_Skincare_Pemula,0,1,0,2
https://dreamlab.id/biaya-maklon-parfum-moq-kecil/#Apa_Saja_Syarat_dan_Fasilitas_Free_BPOM_untuk_Produk_Parfum,0,68,0,10.03
https://dreamlab.id/biaya-maklon-parfum-moq-kecil/#Berapa_Estimasi_Biaya_Maklon_Parfum_di_Dreamlab,0,68,0,10.03
https://dreamlab.id/bisnis-parfum-merk-sendiri/,0,62,0,9.55
https://dreamlab.id/bisnis-skincare-glow-glasskin-cystamine/,0,5,0,6.2
https://dreamlab.id/cara-bisnis-skincare-dari-nol/,0,4,0,7.25
https://dreamlab.id/cara-branding-bisnis-kosmetik/,0,111,0,10.14
https://dreamlab.id/cara-membuat-deodorant-balm-custom/,0,14,0,7.64
https://dreamlab.id/cara-membuat-hb-dosting-sendiri/#Kenapa_Bisnis_HB_Dosting_Sangat_Laris_di_Market,0,30,0,6.27
https://dreamlab.id/cara-membuat-hb-dosting-sendiri/#Langkah_Mudah_Membuat_Brand_HB_Dosting_Sendiri,0,30,0,6.27
https://dreamlab.id/cara-membuat-lulur-ampas-kopi/,0,192,0,6.15
https://dreamlab.id/cara-membuat-toner-dari-cuka-apel/,0,41,0,15.56
https://dreamlab.id/cara-menghilangkan-ketombe/,0,7,0,10.86
https://dreamlab.id/category/bisnis-men-grooming/,0,1,0,43
https://dreamlab.id/category/bisnis-skincare/,0,5,0,8.8
https://dreamlab.id/category/dreampreneur-beauty-academy/,0,5,0,5.8
https://dreamlab.id/category/maklon-baby-care/,0,32,0,16.88
https://dreamlab.id/category/maklon-footcare/,0,8,0,29
https://dreamlab.id/category/maklon-haircare/,0,263,0,18.62
https://dreamlab.id/category/maklon-parfum/page/2/,0,4,0,17
https://dreamlab.id/category/maklon-personal-care/,0,16,0,29
https://dreamlab.id/category/personal-care/,0,1,0,7
https://dreamlab.id/category/tips-trick/,0,2,0,8.5
https://dreamlab.id/cms_block_cat/pop-up-form/,0,3,0,9.67
https://dreamlab.id/contact-form-dreamlab/,0,4,0,6.25
https://dreamlab.id/contoh-kalimat-iklan-kosmetik-unik/#Apa_yang_Membuat_Kalimat_Iklan_Kosmetik_Efektif,0,336,0,9.49
https://dreamlab.id/contoh-kalimat-iklan-kosmetik-unik/#Contoh_Kalimat_Iklan_Kosmetik,0,373,0,9.48
https://dreamlab.id/contoh-kalimat-iklan-kosmetik-unik/#Untuk_Iklan_Skincare_Fokus_pada_Solusi,0,345,0,9.52
https://dreamlab.id/e-floating-buttons/popup-website/,0,12,0,21.33
https://dreamlab.id/flywheel-marketing-brand-skincare/,0,13,0,7.62
https://dreamlab.id/foot-care-produk-peluang-bisnis-maklon-dreamlab/,0,11,0,35.27
https://dreamlab.id/formulasi-witch-hazel/,0,5,0,9.4
https://dreamlab.id/glycerin-bahan-skincare-yang-naik-daun-dan-cocok-untuk-semua-jenis-kulit/,0,330,0,38.67
https://dreamlab.id/hair-care,0,24,0,20.25
https://dreamlab.id/hair-treatment-ampoule-maklon-haircare-dreamlab/,0,93,0,39.68
https://dreamlab.id/hero-ingredients-2025/,0,14,0,7.36
https://dreamlab.id/inspirasi-parfum-lokal-aroma-teh/,0,37,0,10.7
https://dreamlab.id/jasa-maklon-kosmetik-bpom-panduan-lengkap/,0,194,0,11.61
https://dreamlab.id/jasa-maklon-parfum-bali-terbaik-terlengkap/#Apa_Saja_yang_Bisa_Anda_Custom_di_Dreamlab,0,207,0,8.73
https://dreamlab.id/jasa-maklon-parfum-bali-terbaik-terlengkap/#Miliki_Brand_Parfum_Eksklusif,0,258,0,8.64
https://dreamlab.id/jasa-maklon-parfum-bali-terbaik-terlengkap/#Miliki_brand_parfum_dengan_aroma_Custom,0,252,0,8.64
https://dreamlab.id/jasa-maklon-parfum-moq-rendah/#Bagaimana_Cara_Membuat_Parfum_Custom_dengan_Aroma_Eksklusif,0,43,0,8.21
https://dreamlab.id/jasa-maklon-parfum-moq-rendah/#Berapa_Minimal_Order_MOQ_Maklon_Parfum_di_Dreamlab,0,43,0,8.21
https://dreamlab.id/jasa-maklon-sabun-mandi-batang/#Mengapa_Bisnis_Sabun_Mandi_Sangat_Menguntungkan,0,11,0,9.82
https://dreamlab.id/jasa-maklon-sabun-mandi-batang/#Perbedaan_Sabun_Produksi_Rumahan_vs_Sabun_Maklon_Profesional,0,16,0,9.75
https://dreamlab.id/jasa-maklon-sabun-mandi-batang/#Pilihan_Produk_di_Jasa_Maklon_Sabun_Mandi_Dreamlab,0,16,0,9.75
https://dreamlab.id/jenis-vitamin-c-whitening-terbaik/,0,97,0,6.16
https://dreamlab.id/komunitas-beauty-genz/,0,1,0,6
https://dreamlab.id/kosmetik-olahraga/,0,38,0,5.42
https://dreamlab.id/kosmetik-olahraga/#3_Produk_Kosmetik_Olahraga_Unggulan,0,1,0,6
https://dreamlab.id/kosmetik-olahraga/#Mengapa_Kosmetik_Olahraga_Menjadi_Tren_Baru,0,1,0,6
https://dreamlab.id/kosmetik-olahraga/#Peluang_Bisnis_Kosmetik_Sport-Friendly,0,1,0,6
https://dreamlab.id/kosmetik-olahraga/#Produk_Apa_Saja_yang_Bisa_Dibuat_di_Dreamlab,0,1,0,6
https://dreamlab.id/kuasai-pasar-skincare-2026-biotech/,0,43,0,5.47
https://dreamlab.id/maklon-body-whitening-formula-juara/#10_Bahan_Aktif_Revolusioner_untuk_Formula_Body_Whitening_Sukses,0,3,0,9.33
https://dreamlab.id/maklon-body-whitening-formula-juara/#Kategori_III_Eksfoliasi_Lembut_Anti-Aging,0,1,0,9
https://dreamlab.id/maklon-body-whitening-formula-juara/#Kategori_II_Pelembap_Perbaikan_Skin_Barrier,0,1,0,9
https://dreamlab.id/maklon-body-whitening-formula-juara/#Kategori_I_Agen_Pencerah_Utama_The_Whitening_Core,0,3,0,9.33
https://dreamlab.id/maklon-body-whitening-formula-juara/#Mengapa_Pasar_Body_Whitening_Terus_Naik_Tajam,0,3,0,9.33
https://dreamlab.id/maklon-bodymist/,0,6,0,5.17
https://dreamlab.id/maklon-cream-anti-aging/,0,61,0,33.74
https://dreamlab.id/maklon-face-mist/,0,68,0,27.82
https://dreamlab.id/maklon-facial-wash-gentle/,0,112,0,6.54
https://dreamlab.id/maklon-footcare-dreamlab/,0,42,0,9.88
https://dreamlab.id/maklon-haircare/,0,5,0,7
https://dreamlab.id/maklon-hairmist/#Apa_Itu_Maklon_Hair_Mist_dan_Haircare,0,4,0,5.5
https://dreamlab.id/maklon-hairmist/#Berapa_Biaya_Maklon_Hair_Mist_dan_Haircare,0,2,0,9
https://dreamlab.id/maklon-hairmist/#Kenapa_Banyak_Brand_Memilih_Dreamlab,0,2,0,9
https://dreamlab.id/maklon-hairmist/#Layanan_Lengkap_Dreamlab_untuk_Kategori_Rambut,0,2,0,9
https://dreamlab.id/maklon-hairmist/#Proses_Maklon_Hair_Mist_dan_Haircare_di_Dreamlab,0,4,0,5.5
https://dreamlab.id/maklon-jakarta-terbaik/#Frequently_Asked_Questions_FAQ,0,15,0,11.27
https://dreamlab.id/maklon-jakarta-terbaik/#Kenapa_Harus_Produksi_Skincare_Kamu_di_Pabrik_CPKB,0,14,0,10.86
https://dreamlab.id/maklon-jakarta-terbaik/#Kenapa_Kamu_Harus_Memilih_Dreamlab_Sebagai_Maklon_Kamu,0,20,0,10.35
https://dreamlab.id/maklon-jakarta-terbaik/#Konsultasi_Mudah_di_Dreamlab,0,11,0,10.73
https://dreamlab.id/maklon-jakarta-terbaik/#Layanan_One-Stop_Service,0,9,0,11.11
https://dreamlab.id/maklon-kosmetik-jakarta-dreamlab-2026/#Berapa_Modal_Awal_Memulai_Brand_Kosmetik_Sendiri,0,6,0,6.5
https://dreamlab.id/maklon-kosmetik-jakarta-dreamlab-2026/#Data_Analisis_Ingredient_Viral_Tahun_2026,0,6,0,6.5
https://dreamlab.id/maklon-kosmetik-jakarta-dreamlab-2026/#Mengapa_Bisnis_Kosmetik_Tetap_Menjadi_Primadona_di_2026,0,6,0,6.5
https://dreamlab.id/maklon-kosmetik-kediri/,0,71,0,6.35
https://dreamlab.id/maklon-kosmetik-pemula-modal-kecil/,0,84,0,7.9
https://dreamlab.id/maklon-kosmetik-terbaik-english/,0,1,0,1
https://dreamlab.id/maklon-moisturizer-bpom-dreamlab/,0,33,0,13.15
https://dreamlab.id/maklon-parfum-anak-custom-aroma/#Apa_Itu_Maklon_Parfum_Anak,0,2,0,3
https://dreamlab.id/maklon-parfum-anak-custom-aroma/#Jenis_Parfum_Baby_Cologne_yang_Bisa_Kamu_Buat,0,2,0,3
https://dreamlab.id/maklon-parfum-bpom-indonesia-strategi-bisnis/,0,84,0,19.51
https://dreamlab.id/maklon-parfum-jakarta/#Biaya_Maklon_Parfum_Mulai_Berapa,0,15,0,4.4
https://dreamlab.id/maklon-parfum-jakarta/#Jenis-Jenis_Parfum_yang_Bisa_Diproduksi_di_Dreamlab,0,15,0,4.4
https://dreamlab.id/maklon-parfum-jakarta/#Keunggulan_Pabrik_Parfum_Dreamlab_sebagai_Partner,0,4,0,3
https://dreamlab.id/maklon-parfum-makassar/#Kenapa_Makassar_Menjadi_Pasar_Potensial_untuk_Brand_Parfum_Lokal,0,17,0,9.47
https://dreamlab.id/maklon-parfum-makassar/#Tempat_Produksi_Parfum_Premium_untuk_Brand_Lokal_Makassar,0,17,0,9.47
https://dreamlab.id/maklon-scalp-haircare-bisnis-produk-rambut-sehat/,0,2,0,6.5
https://dreamlab.id/maklon-shampoo-psoriasis-formula-juara/,0,103,0,17.78
https://dreamlab.id/maklon-skincare-surabaya-umkm/#Alur_Maklon_Skincare_di_Dreamlab_Cukup_Mudah,0,49,0,9.73
https://dreamlab.id/maklon-skincare-surabaya-umkm/#Mengapa_Sekarang_Waktunya_UMKM_Surabaya_Menjadi_Beautypreneur,0,33,0,10.12
https://dreamlab.id/maklon-skincare-surabaya-umkm/#Partner_UMKM_Surabaya_untuk_Bangun_Brand_Skincare_Berkelas,0,33,0,10.12
https://dreamlab.id/maklon-skincare-surabaya-umkm/#Produk_Skincare_yang_Paling_Mudah_Laku_untuk_UMKM_Surabaya,0,49,0,9.73
https://dreamlab.id/maklon-skincare-untuk-brand-baru/,0,3,0,17.67
https://dreamlab.id/manfaat-panthenol-untuk-wajah-kering/,0,1163,0,15.53
https://dreamlab.id/melembutkan-kulit-bersisik/,0,12,0,8.75
https://dreamlab.id/memilih-pabrik-maklon-kosmetik-sertifikasi-cpkb/,0,4,0,14
https://dreamlab.id/mudahnya-menjadi-owner-parfum-sendiri-ciptakan-brand-wewangian-eksklusif-tanpa-ribet/,0,55,0,11.25
https://dreamlab.id/omset-moisturizer-naik-tajam-dreamlab-bisnis-skincare/,0,12,0,3.33
https://dreamlab.id/optimasi-penjualan-tiktok-shop/,0,196,0,7.78
https://dreamlab.id/pabrik-maklon-kosmetik-cpkb-grade-a/,0,18,0,20.61
https://dreamlab.id/pabrik-maklon-kosmetik-surabaya-terlengkap/#Konsultasi_Brand_Kosmetik_Tatap_Muka,0,32,0,10.06
https://dreamlab.id/pabrik-maklon-kosmetik-surabaya-terlengkap/#Mengapa_Kamu_Harus_Memulai_Bisnis_Skincare_Sekarang,0,32,0,10.06
https://dreamlab.id/pabrik-skincare-maklon/,0,192,0,65.41
https://dreamlab.id/panduan-persentase-manfaat-niacinamide-skincare/,0,33,0,9.7
https://dreamlab.id/parfum-inspired-peluang-bisnis/#1_Floral_Inspired,0,239,0,7.3
https://dreamlab.id/parfum-inspired-peluang-bisnis/#2_Gourmand_Inspired,0,263,0,7.3
https://dreamlab.id/parfum-inspired-peluang-bisnis/#3_Woody_Spicy_Inspired,0,239,0,7.3
https://dreamlab.id/parfum-inspired-peluang-bisnis/#4_Fresh_Aquatic_Inspired,0,239,0,7.3
https://dreamlab.id/parfum-inspired-peluang-bisnis/#5_Jenis_Parfum_Inspired_yang_Sedang_Tren,0,263,0,7.3
https://dreamlab.id/parfum-inspired-peluang-bisnis/#Mengapa_Parfum_Inspired_Menjadi_Tren,0,259,0,7.28
https://dreamlab.id/peluang-bisnis-skincare-irt/,0,13,0,9.38
https://dreamlab.id/perbedaan-edp-edt/,0,42,0,8.57
https://dreamlab.id/perbedaan-micellar-water-dan-toner/,0,236,0,28.86
https://dreamlab.id/perbedaan-moisturizer-gel-vs-cream/#Buat_produk_Moisturizer_dengan_Nama_Brandmu_Sendiri,0,54,0,9.83
https://dreamlab.id/perbedaan-moisturizer-gel-vs-cream/#Cara_Membuat_Brand_Moisturizer,0,54,0,9.85
https://dreamlab.id/perbedaan-moisturizer-gel-vs-cream/#Moisturizer_Cream_dan_Moisturizer_Gel,0,55,0,9.84
https://dreamlab.id/perbedaan-oem-vs-odm/,0,32,0,10.78
https://dreamlab.id/potensi-bisnis-babycare/,0,59,0,27.95
https://dreamlab.id/prediksi-tren-2026/#Cara_Maklon_di_Dreamlab_Dari_Ide_Hingga_Produk_Siap_Viral,0,5,0,9.6
https://dreamlab.id/prediksi-tren-2026/#Formulasi_dengan_Pendekatan_AI_dan_Personalisasi,0,17,0,7.41
https://dreamlab.id/prediksi-tren-2026/#Inovasi_Dreamlab_untuk_Menghadapi_Perubahan_Pasar,0,13,0,6.77
https://dreamlab.id/produk-haircare-yang-sedang-tren/,0,33,0,7.3
https://dreamlab.id/reampreneur-beauty-academy-maklon-kosmetik/,0,55,0,11.02
https://dreamlab.id/rekomendasi-skincare-musim-hujan-agar-kulit-tetap-sehat-dan-lembap/,0,37,0,6.43
https://dreamlab.id/set-skincare-bpom/,0,97,0,14.45
https://dreamlab.id/skincare-face-care/,0,97,0,26.57
https://dreamlab.id/solusi-bisnis-body-serum-aha-2025-tren-pasar-maklon-dreamlab/,0,8,0,19.38
https://dreamlab.id/state-of-beauty-2025-tren-kecantikan-pertumbuhan-industri-kosmetik-perubahan-pasar/#Keberlanjutan_dan_Etika_dalam_Industri_Kosmetik2025,0,11,0,5.36
https://dreamlab.id/state-of-beauty-2025-tren-kecantikan-pertumbuhan-industri-kosmetik-perubahan-pasar/#Panorama_Industri_Kecantikan_Global_2025,0,29,0,6.38
https://dreamlab.id/state-of-beauty-2025-tren-kecantikan-pertumbuhan-industri-kosmetik-perubahan-pasar/#Perkembangan_Industri_Kosmetik2025_di_Indonesia_dan_Asia_Tenggara,0,39,0,6.1
https://dreamlab.id/state-of-beauty-2025-tren-kecantikan-pertumbuhan-industri-kosmetik-perubahan-pasar/#Revolusi_Pasar_Skincare_Inovasi_Formulasi_dan_Bahan_Aktif,0,8,0,5.5
https://dreamlab.id/state-of-beauty-2025-tren-kecantikan-pertumbuhan-industri-kosmetik-perubahan-pasar/#Segmentasi_Konsumen_dan_Perubahan_Perilaku_Pembelian,0,8,0,5.5
https://dreamlab.id/state-of-beauty-2025-tren-kecantikan-pertumbuhan-industri-kosmetik-perubahan-pasar/#Transformasi_Digital_dalam_Industri_Kecantikan,0,8,0,5.5
https://dreamlab.id/state-of-beauty-2025-tren-kecantikan-pertumbuhan-industri-kosmetik-perubahan-pasar/#Tren_Kecantikan2025_yang_Akan_Mendominasi_Pasar_Global,0,29,0,5.24
https://dreamlab.id/sunscreen-spf-yang-cocok-untuk-kegiatan/,0,27,0,20.37
https://dreamlab.id/thankyou-page/,0,2,0,24.5
https://dreamlab.id/tips-membuat-konten-viral/,0,38,0,7.08
https://dreamlab.id/tips-sukses-bisnis-parfum/,0,82,0,10.66
https://dreamlab.id/tren-aroma-parfum-2026-terbaru/#5_Tren_Aroma_Parfum_yang_Akan_Mendominasi_Market_2026,0,13,0,9.54
https://dreamlab.id/tren-aroma-parfum-2026-terbaru/#Wewangian_Fungsional_Wellness_Neuro-Scent,0,13,0,9.54
https://dreamlab.id/tren-brand-kosmetik-lokal-2025/#3_Clean_Beauty_dan_Transparansi_Produk,0,4,0,8.25
https://dreamlab.id/tren-brand-kosmetik-lokal-2025/#Kenapa_Kamu_Harus_Produksi_di_Dreamlab,0,4,0,8.25
https://dreamlab.id/tren-parfum-arab-bisnis-maklon-dreamlab/#5_Parfum_Arab_yang_Bisa_Dijadikan_Peluang_Bisnis_Menjanjikan,0,5,0,5
https://dreamlab.id/tren-parfum-arab-bisnis-maklon-dreamlab/#Apa_Perbedaan_Parfum_Arab_dan_Parfum_Biasa,0,4,0,5.25
https://dreamlab.id/tren-parfum-arab-bisnis-maklon-dreamlab/#Fenomena_Parfum_Arab_di_Kalangan_Milenial_Indonesia,0,5,0,5
https://dreamlab.id/tren-parfum-arab-bisnis-maklon-dreamlab/#Jenis-Jenis_Parfum_Arab_yang_Populer_di_Indonesia,0,4,0,5.25
https://dreamlab.id/urutan-pabrik-skincare-terbaik-indonesia/#Berapa_MOQ_di_DREAMLAB,0,714,0,9.16
https://dreamlab.id/urutan-pabrik-skincare-terbaik-indonesia/#Daftar_5_Pabrik_Skincare_di_Indonesia_Terbaik_Update_2026,0,730,0,9.14
https://dreamlab.id/urutan-pabrik-skincare-terbaik-indonesia/#Mengapa_DREAMLAB_Menjadi_%E2%80%9CGame_Changer%E2%80%9D,0,571,0,9.32
https://dreamlab.id/urutan-pabrik-skincare-terbaik-indonesia/#Mengapa_PT_Karya_Impian_Laboratoris_DREAMLAB_Menjadi_Pilihan_Utama,0,559,0,9.35
