query,clicks,impressions,ctr,position
dreamlab,56,158,0.35443,1.14
dream lab,12,64,0.1875,1.66
dreamlab kosmetik,11,71,0.15493,1.01
maklon deodorant,9,18,0.5,5.67
maklon kosmetik surabaya,6,159,0.037736,8.74
maklon parfum surabaya,6,220,0.027273,9.17
karya impian laboratoris,5,28,0.178571,1.04
maklon pkrt,5,39,0.128205,8.05
maklon skincare terbaik,5,159,0.031447,5.36
pt karya impian laboratoris,5,141,0.035461,26.7
cara membuat hb dosting,4,132,0.030303,5.21
dreamlab indonesia,4,12,0.333333,1.17
maklon reed diffuser,4,14,0.285714,9.57
maklon skincare surabaya,4,91,0.043956,3.58
maklon skincare terbaik di indonesia,4,22,0.181818,2
cara membuat handbody racikan sendiri agar cepat putih,3,825,0.003636,7.71
dreamlab surabaya,3,40,0.075,1.05
jasa maklon kosmetik,3,50,0.06,9.8
maklon dry shampoo,3,5,0.6,2.2
maklon kosmetik terbaik,3,93,0.032258,9.32
maklon parfum moq rendah,3,42,0.071429,7.45
maklon parfum terbaik,3,39,0.076923,6.85
bahan handbody racikan cepat putih,2,178,0.011236,7.7
dreamlabs,2,13,0.153846,4.85
hb dosting adalah,2,199,0.01005,3.47
maklon kosmetik,2,102,0.019608,15.11
maklon kosmetik jakarta,2,14,0.142857,10.36
maklon kosmetik makassar,2,8,0.25,27
maklon lip serum,2,7,0.285714,5
maklon parfum bali,2,29,0.068966,5.24
maklon parfum jawa timur,2,8,0.25,6.88
maklon pomade,2,2,1,15
maklon shampoo,2,38,0.052632,16.21
maklon skincare,2,137,0.014599,25.71
maklon surabaya,2,53,0.037736,4.06
maklon terbaik di indonesia,2,63,0.031746,5.3
pabrik parfum surabaya,2,61,0.032787,16.66
2026 dong,1,1,1,9
apa itu hb dosting,1,27,0.037037,3.44
biaya maklon,1,2,0.5,20.5
campuran handbody untuk memutihkan kulit,1,6,0.166667,8.5
cara bikin hb dosting sendiri,1,31,0.032258,5.42
cara bikin racikan handbody pemutih,1,47,0.021277,7.32
cara buat hb dosting,1,20,0.05,3.75
cara masukin keranjang di instagram,1,3,0.333333,5.33
cara membuat handbody racikan putih permanen,1,178,0.005618,7.98
cara meracik handbody pemutih yang aman,1,53,0.018868,7.17
cara meracik hb dosting sendiri,1,104,0.009615,6.55
cara meracik hb sendiri,1,31,0.032258,6.32
dreamlap,1,1,1,1
handbody untuk menghilangkan bekas luka dan memutihkan,1,1,1,4
hb dosting,1,22,0.045455,3.5
maklon body serum,1,2,0.5,6.5
maklon bodycare,1,32,0.03125,9.56
maklon indonesia,1,4,0.25,17.75
maklon kosmetik jawa timur,1,48,0.020833,5.44
maklon kosmetik jogja,1,5,0.2,15.2
maklon kosmetik malang,1,12,0.083333,13.58
maklon kosmetik medan,1,9,0.111111,8.67
maklon kosmetik terdekat,1,3,0.333333,15.33
maklon parfum,1,104,0.009615,34.4
maklon parfum bekasi,1,8,0.125,9.38
maklon parfum jakarta,1,16,0.0625,10.44
maklon parfum malang,1,14,0.071429,4.57
maklon sabun organik,1,16,0.0625,9.25
maklon serum,1,9,0.111111,11.33
maklon skincare baby,1,39,0.025641,5.85
maklon skincare tangerang,1,24,0.041667,5.08
maklon sunscreen,1,16,0.0625,12.62
micellar cysteamine adalah,1,10,0.1,9.7
no wa nya,1,1,1,1
opsi a,1,1,1,1
pabrik kosmetik bekasi,1,2,0.5,24.5
pabrik kosmetik surabaya,1,133,0.007519,13.02
pabrik kosmetik terbesar di indonesia,1,13,0.076923,10.23
pabrik skincare surabaya,1,22,0.045455,4.09
produk lain,1,1,1,4
produsen kosmetik,1,13,0.076923,28.46
racikan pemutih badan,1,53,0.018868,6.7
resep handbody racikan cepat putih,1,19,0.052632,7.21
resep handbody racikan sendiri,1,25,0.04,7.64
resep racikan hb pemutih,1,19,0.052632,7.89
sebutkan,1,1,1,3
skincare,1,3,0.333333,1.67
!!️resep handbody racikan cepat putih,0,15,0,9.2
"""avoskin"" -site:reddit.com -site:twitter.com -site:x.com -site:wykop.pl -site:tripadvisor.com -site:youtube.com -site:yelp.com -site:booking.com -site:facebook.com -site:instagram.com -site:tiktok.com",0,1,0,9
"""bodycare"" -site:reddit.com -site:twitter.com -site:x.com -site:wykop.pl -site:tripadvisor.com -site:youtube.com -site:yelp.com -site:booking.com -site:facebook.com -site:instagram.com -site:tiktok.com",0,6,0,6.83
10 merek kosmetik terbaik di indonesia,0,1,0,37
10 perusahaan kosmetik terbesar di indonesia,0,1,0,9
3,0,1,0,1
3 basic skincare cowok,0,11,0,8.36
3 basic skincare pria,0,11,0,8.36
30ml,0,1,0,1
90 hari berapa lama,0,4,0,7
[bahasa indonesia] merek wewangian dan perawatan tubuh wanita terbaik di indonesia yang paling laris di tiktok shop dan shopee 2026,0,1,0,1
ada brand apa aja,0,1,0,20
ada lagi gaaa,0,1,0,2
admin maklon,0,2,0,4
affiliate daviena skincare,0,1,0,5
affiliate skincare,0,10,0,10.8
affiliate skincare adalah,0,6,0,11
affiliate skincare kerjanya apa,0,26,0,8.85
affiliator skincare adalah,0,2,0,14
ai kosmetik,0,1,0,3
akar ginseng untuk rambut,0,2,0,11
alamanda global health pt,0,1,0,2
alat pengencang,0,1,0,10
alat pengencang wajah,0,2,0,2
alat pengencang wajah terbaik,0,39,0,7
alat untuk mengencangkan kulit wajah,0,9,0,9.44
alcohol denat,0,3,0,33.67
alcohol parfum,0,6,0,10.67
alkohol absolut berapa persen,0,1,0,46
alkohol apa yang digunakan untuk parfum,0,12,0,9.33
alkohol buat parfum,0,22,0,9.73
alkohol campuran parfum,0,1,0,9
alkohol dalam parfum,0,3,0,6
alkohol denat pada parfum,0,8,0,11
alkohol di parfum untuk apa,0,14,0,11.14
alkohol khusus parfum,0,16,0,8.81
alkohol minyak wangi,0,1,0,13
alkohol parfum,0,47,0,11.85
alkohol parfum berapa persen,0,1,0,8
alkohol parfum terbaik,0,11,0,7.09
alkohol parfum terbuat dari apa,0,10,0,9.9
alkohol parfum yang bagus,0,1,0,5
alkohol parfume,0,2,0,12.5
alkohol pelarut parfum,0,3,0,11
alkohol pencampur parfum,0,3,0,9
alkohol terbaik untuk parfum,0,10,0,6.8
alkohol untuk minyak wangi,0,2,0,12.5
alkohol untuk parfum,0,35,0,10.46
alkohol untuk parfum berapa persen,0,1,0,9
alkohol yang bagus untuk campuran parfum,0,3,0,1
alkohol yang digunakan untuk parfum,0,8,0,5.38
alkohol yang halal untuk parfum,0,2,0,16
all day cream artinya,0,1,0,11
alpha glow white body serum,0,1,0,3
alpha glowhite,0,1,0,3
alpha glowhite body lotion,0,1,0,3
antioksidan astaxanthin,0,1,0,3
apa arti dosting,0,3,0,9.67
apa arti hb dosting,0,33,0,9.18
apa arti inspired parfum,0,2,0,1
apa beda edp dan edt,0,3,0,12
apa bedanya cream dan moisturizer,0,4,0,11.25
apa bedanya edp dan edt,0,1,0,10
apa bedanya edp dan edt pada parfum,0,1,0,12
apa bedanya micellar water dan toner,0,2,0,23
apa bedanya micellar water sama toner,0,1,0,16
apa bedanya toner dan micellar water,0,6,0,24.5
apa bedanya toner dengan micellar water,0,1,0,23
apa bedanya toner sama micellar water,0,1,0,14
apa fungsi alkohol pada parfum,0,4,0,11.75
apa fungsi ginseng untuk rambut,0,1,0,3
apa hb dosting,0,1,0,3
apa itu alcohol denat,0,1,0,52
apa itu astaxanthin,0,3,0,2
apa itu astaxanthin dan manfaatnya,0,1,0,3
apa itu cream,0,1,0,2
apa itu cysteamine,0,1,0,12
apa itu dosting,0,6,0,9.33
apa itu edp,0,1,0,10
apa itu edt,0,1,0,9
apa itu edt parfum,0,2,0,28.5
apa itu hb bodycare,0,13,0,8
apa itu hb dalam skincare,0,2,0,8
apa itu hb pemutih,0,1,0,2
apa itu hb skincare,0,10,0,10.9
apa itu inspired parfum,0,116,0,9.97
apa itu maklom,0,1,0,13
apa itu maklon parfum,0,11,0,10.73
apa itu moisturizer cream,0,2,0,19
apa itu panthenol,0,7,0,48.86
apa itu parfum edt,0,3,0,11
apa itu parfum inspired,0,33,0,7.09
apa itu pheromone,0,3,0,20.67
apa itu toko kosmetik,0,4,0,12.75
apa kegunaannya?,0,1,0,6
apa manfaat astaxanthin glutathione,0,1,0,2
apa manfaat ginseng untuk rambut,0,4,0,12
apa manfaat hair tonic,0,1,0,35
apa manfaat hair tonic ginseng,0,4,0,9.25
apa perbedaan edp dan edt,0,2,0,10
apa perbedaan edt dan edp,0,1,0,27
apa perbedaan micellar water dan toner,0,6,0,23.67
apa perbedaan toner dan micellar water,0,4,0,23.25
apa saja,0,1,0,5
apakah ada hb dosting bpom,0,1,0,10
apakah ada merek perawatan tubuh terkemuka yang layak dipertimbangkan tahun ini?,0,2,0,1
apakah alkohol medis bisa untuk parfum,0,17,0,9
apakah astaxanthin bisa menghilangkan flek hitam,0,25,0,9.64
apakah cream dan moisturizer sama,0,2,0,10.5
apakah cream sama dengan moisturizer,0,2,0,10
apakah dosting aman,0,1,0,2
apakah face cream sama dengan moisturizer,0,6,0,10.33
apakah ginseng bisa menumbuhkan rambut,0,3,0,14.33
apakah hair tonic ginseng bisa menumbuhkan rambut,0,2,0,11
apakah harga menentukan kualitas produk pencerah?,0,2,0,5
apakah harus pakai npwp,0,1,0,4
apakah hb dosting,0,1,0,1
apakah hb dosting aman,0,1,0,2
apakah hb dosting berbahaya,0,2,0,2.5
apakah hb dosting sudah bpom,0,1,0,30
apakah ini terbukti,0,1,0,4
apakah kopi bisa memutihkan kulit,0,1,0,2
apakah luluran kopi bisa memutihkan kulit,0,1,0,2
apakah micellar water bisa dijadikan toner,0,3,0,37.33
apakah micellar water sama dengan toner,0,3,0,26
apakah parfum ada alkoholnya,0,1,0,2
apakah produk ini halal?,0,1,0,12
apakah sheriz sudah bpom,0,1,0,2
apakah sudah bpom,0,2,0,11
apakah toner dan micellar water sama,0,2,0,22
apalagi,0,1,0,7
aqua denat adalah,0,1,0,42
aroma alkohol,0,5,0,6.6
aroma of affection (2026),0,1,0,19
aroma trend,0,1,0,2
arti balm,0,2,0,9.5
arti cream,0,1,0,3
arti dosting,0,2,0,10
arti hb dosting,0,2,0,4
arti inspired parfum,0,3,0,2.67
arti maklon parfum,0,10,0,7.9
arti pheromone,0,13,0,10.85
asia skinlab,0,15,0,52.73
astaplus obat apa,0,1,0,3
astaxanthin,0,3,0,3
astaxanthin adalah,0,2,0,58.5
astaxanthin gel suzi glow apakah sudah bpom,0,2,0,3
astaxanthin gel untuk apa,0,1,0,2
astaxanthin obat apa,0,12,0,2
astaxanthin original,0,1,0,3
astaxanthin skincare,0,1,0,36
astaxanthin toplux,0,1,0,4
astaxanthin untuk flek,0,3,0,8.33
astaxanthin untuk flek hitam di wajah,0,1,0,9
astaxanthin untuk jerawat,0,1,0,40
astaxanthin untuk kulit,0,1,0,48
astaxanthin untuk kulit wajah,0,1,0,36
asthin b ond 6 obat apa,0,1,0,3
astria ultra 12 mg,0,1,0,3
aturan minum astaxanthin,0,1,0,2
b erl cosmetics,0,1,0,3
b2b parfum,0,1,0,1
babylakhena,0,1,0,21
bagaimana cara memutihkan ketiak,0,5,0,46.8
bagus ga,0,1,0,3
bahan aktif skincare apa saja,0,1,0,66
bahan alami memutihkan kulit,0,1,0,3
bahan alami pemutih kulit,0,1,0,3
bahan bahan hb dosting,0,18,0,8.11
bahan bahan membuat handbody racikan pemutih,0,39,0,7.36
bahan bahan racikan hb dosting,0,17,0,6.53
bahan handbody racikan,0,2,0,10.5
bahan hb dosting,0,34,0,8.79
bahan hb racikan,0,5,0,9
bahan meracik handbody pemutih,0,13,0,7.31
bahan pemutih kulit tercepat,0,1,0,3
bahan racikan,0,29,0,8.31
bahan racikan handbody,0,4,0,5.75
bahan racikan handbody pemutih,0,5,0,6.4
bahan racikan handbody pemutih yang aman,0,44,0,8.39
bahan racikan hb,0,7,0,9.14
bahan racikan hb dosting,0,16,0,7.62
bahan racikan pemutih badan,0,14,0,8.5
bahan skincare apa yang cocok digunakan di cuaca lembap?,0,10,0,8.9
"bahan skincare apa yang sedang populer di shopee, lazada, atau tiktok shop indonesia?",0,7,0,1.86
bali natural skincare,0,4,0,10.5
bali skincare,0,1,0,12
bali skincare brands,0,1,0,68
balik modal,0,1,0,2
bandar white label,0,1,0,47
"bandingkan tekstur gel, lotion, cream, dan essence untuk berbagai jenis kulit?",0,3,0,4
basic skincare cowok,0,3,0,23.67
basic skincare cowok pemula,0,1,0,11
basic skincare pria,0,2,0,17
bau alkohol parfum seperti apa,0,1,0,6
bb custom,0,2,0,5.5
beauty affiliate adalah,0,6,0,9.83
beautylab,0,1,0,58
beda,0,1,0,9
beda asthin force 6 dan 12,0,1,0,3
beda edp dan edt,0,5,0,21
beda edt dan edp,0,5,0,19
beda edt dan edp parfum,0,5,0,25.2
beda gel dan cream,0,10,0,8.1
beda micellar water dan toner,0,1,0,15
beda moisturizer dan cream,0,4,0,14.25
beda parfum edt dan edp,0,7,0,21.43
beda toner dan micellar water,0,10,0,23.6
beda toner dengan micellar water,0,3,0,24.33
beda vitacid gel dan cream,0,1,0,3
bedanya cream dan moisturizer,0,1,0,9
bedanya edp dan edt,0,2,0,18
bedanya edt dan edp,0,2,0,22.5
bedanya micellar water dan toner,0,1,0,29
bedanya parfum edp dan edt,0,1,0,17
bedanya toner dan micellar water,0,1,0,28
bedanya toner sama micellar water,0,2,0,23
belia cosmetic,0,1,0,2
belum tau,0,1,0,11
bentuk vitamin c,0,1,0,52
berapa biaya maklon parfum,0,3,0,10.67
berapa harga pasaran nya,0,1,0,7
berapa lama biasanya terlihat hasil perbaikan warna kulit ketiak?,0,2,0,3
berapa lama hb dosting bekerja,0,5,0,10.4
berapa modal awal?,0,1,0,4
berikan lagi yang lain,0,1,0,3
best sunscreen indonesia,0,2,0,46
best vitamin c,0,1,0,43
biaya berapa ?,0,1,0,1
biaya maklon kosmetik,0,29,0,21
biaya maklon parfum,0,2,0,18
biaya maklon skincare,0,30,0,15.8
bikin brand parfum sendiri,0,1,0,27
billiondollarlab,0,1,0,29
biolife medilab,0,1,0,68
bisnis kecantikan,0,2,0,51.5
bisnis kecantikan apa saja,0,1,0,12
bisnis kosmetik di indonesia,0,2,0,18.5
bisnis kosmetik online,0,3,0,39.67
bisnis kosmetik yang menjanjikan,0,9,0,5.56
bisnis parfum apakah menjanjikan,0,1,0,4
bisnis parfum brand sendiri,0,3,0,42.67
bisnis pomade,0,2,0,49.5
bisnis skincare,0,1,0,51
bisnismen,0,1,0,26
bitty skin apakah sudah bpom,0,1,0,3
blendlab,0,1,0,49
bloomlab surabaya,0,1,0,2
body care untuk mencerahkan kulit,0,1,0,3
body care whitening,0,1,0,7
body lotion diy,0,1,0,3
body lotion dosting,0,1,0,3
body lotion terbaik untuk memutihkan kulit,0,1,0,3
body lotion yang mengandung vitamin c niacinamide glutathione dan retinol,0,1,0,3
body serum alpha,0,1,0,2
body serum yang bagus untuk memutihkan kulit,0,1,0,3
body whitening super,0,1,0,3
boleh,0,3,0,2.67
bomboulab,0,1,0,21
brand hb,0,4,0,5
brand kecantikan,0,2,0,52
brand kosmetik indonesia,0,2,0,13
brand odm di indonesia,0,1,0,24
brand oem di indonesia,0,1,0,6
brand sendiri,0,1,0,1
brand skincare,0,1,0,46
briskin body care,0,1,0,2
buat brand kosmetik sendiri,0,1,0,43
buat brand parfum sendiri,0,2,0,8.5
buat parfum,0,2,0,37
buat parfum bpom,0,5,0,55.6
buat parfum sendiri berhasil,0,8,0,9.75
buka toko kosmetik,0,2,0,11.5
campuran alkohol untuk parfum,0,1,0,20
campuran body lotion untuk memutihkan kulit,0,4,0,18.5
campuran handbody agar cepat putih,0,7,0,8.29
campuran handbody bikin putih,0,6,0,8.83
campuran hb cepat putih,0,1,0,4
campuran hb racikan,0,1,0,3
campuran hb racikan paling ampuh,0,1,0,11
campuran hb racikan pemutih,0,1,0,7
campuran racikan handbody pemutih,0,5,0,9.8
cara agar ketiak putih,0,5,0,60.6
cara aktifkan keranjang di instagram,0,1,0,1
cara bikin handbody racikan pemutih,0,23,0,6.78
cara bikin hb,0,5,0,8.8
cara bikin hb racikan,0,35,0,7.49
cara bikin hb racikan pemutih badan,0,22,0,7
cara bikin hb sendiri,0,1,0,9
cara bisnis parfum brand sendiri,0,4,0,37.5
cara buat brand parfum sendiri,0,1,0,1
cara buat handbody,0,2,0,7
cara buat handbody racikan pemutih badan,0,21,0,6.33
cara buat hb,0,4,0,10
cara buat hb dosting sendiri,0,87,0,5.21
cara buat hb racikan,0,14,0,8.07
cara buat hb racikan pemutih,0,16,0,8.31
cara buat keranjang di instagram,0,7,0,10.14
cara buat keranjang kuning di instagram,0,2,0,8.5
cara buat lulur dari kopi,0,1,0,38
cara buat lulur pakai kopi dan handbody,0,3,0,7.67
cara buat racikan handbody pemutih,0,15,0,6.73
cara gabung shannen,0,1,0,41
cara jadi owner parfum,0,11,0,10.27
cara keranjang di instagram,0,1,0,5
cara kerja affiliate skincare,0,10,0,11.8
cara kerja cysteamine,0,9,0,8.33
cara kerja hb dosting,0,6,0,10
cara maklon kosmetik,0,4,0,46.75
cara masukan keranjang di instagram,0,1,0,5
cara memakai handbody racikan agar cepat putih,0,13,0,9.08
cara memakai hb dosting yang benar,0,4,0,20.25
cara memasukkan keranjang di instagram,0,2,0,5
cara membuat body lotion pemutih sendiri,0,18,0,8.72
cara membuat body mist,0,1,0,10
cara membuat brand kosmetik sendiri,0,5,0,50
cara membuat handbody,0,11,0,7.27
cara membuat handbody pemutih,0,5,0,6.8
cara membuat handbody racikan,0,15,0,8
cara membuat handbody racikan dosis tinggi,0,281,0,8.14
cara membuat handbody racikan makassar,0,15,0,6.47
cara membuat handbody racikan sendiri,0,72,0,8.29
cara membuat hb,0,5,0,7.8
cara membuat hb pemutih,0,33,0,8.27
cara membuat hb pemutih badan,0,7,0,7.57
cara membuat hb racikan,0,13,0,10.54
cara membuat hb racikan ampuh,0,1,0,9
cara membuat hb racikan dosting,0,16,0,7.44
cara membuat hb racikan pemutih aman,0,45,0,8.24
cara membuat hb racikan sendiri,0,12,0,7.17
cara membuat ketiak putih,0,2,0,59.5
cara membuat konten viral,0,1,0,51
cara membuat lulur dari handbody,0,1,0,7
cara membuat lulur kopi untuk badan,0,1,0,47
cara membuat lulur untuk kulit dari handbody,0,6,0,8.83
cara membuat racikan,0,4,0,7
cara membuat racikan handbody,0,10,0,7.9
cara membuat racikan handbody pemutih yang aman,0,38,0,7.82
cara membuat racikan hb dosting,0,11,0,7.91
cara memuluskan ketiak,0,4,0,44
cara memunculkan keranjang di instagram,0,4,0,7.5
cara memunculkan keranjang kuning,0,1,0,11
cara memunculkan tautan produk di instagram,0,3,0,6.33
cara memutih kan ketiak,0,1,0,48
cara memutihkan badan secara alami,0,1,0,2
cara memutihkan badan secara alami dan cepat dalam 1 minggu,0,3,0,3
cara memutihkan ketiak,0,14,0,41.57
cara memutihkan ketiak dengan cepat,0,1,0,38
cara memutihkan ketiak secara alami dalam 1 minggu,0,6,0,25.67
cara memutihkan kulit badan,0,1,0,2
cara memutihkan kulit ketiak,0,2,0,40
cara menambahkan keranjang di instagram,0,3,0,3.67
cara menambahkan keranjang di reels instagram,0,1,0,3
cara menambahkan keranjang kuning di ig,0,1,0,13
cara menambahkan keranjang kuning di instagram,0,4,0,4
cara menambahkan link produk di reels instagram,0,3,0,5
cara menambahkan link shopee di instagram,0,1,0,3
cara menautkan keranjang di instagram,0,2,0,2.5
cara menautkan produk di instagram,0,1,0,9
cara mencerahkan ketiak,0,4,0,54.75
cara menggunakan astaxanthin untuk wajah,0,1,0,3
cara menggunakan ginseng untuk rambut,0,1,0,6
cara menggunakan minyak ginseng,0,2,0,8
cara meracik body lotion untuk memutihkan,0,23,0,7.78
cara meracik handbody,0,40,0,7.78
cara meracik handbody agar kulit cepat putih,0,33,0,6.48
cara meracik handbody marina untuk memutihkan kulit,0,1,0,3
cara meracik handbody pemutih,0,24,0,5.92
cara meracik handbody pemutih kulit permanen,0,1,0,1
cara meracik handbody untuk memutihkan kulit,0,1,0,10
cara meracik hb,0,45,0,8.4
cara meracik hb agar cepat putih,0,55,0,8.25
cara meracik hb dosting,0,56,0,8.43
cara meracik hb dosting yg aman,0,4,0,5
cara meracik hb pemutih,0,24,0,7.5
cara meracik hb pemutih sendiri,0,4,0,6.75
cara meracik hb pemutih yang aman,0,118,0,7.13
cara merawat badan agar putih,0,1,0,2
cara mutihin ketiak,0,3,0,43.67
cara nautin keranjang di ig,0,1,0,1
cara nautin keranjang setelah di upload,0,1,0,10
cara pakai hb dosting,0,1,0,23
cara pakai hb dosting yang benar,0,1,0,2
cara pasang keranjang di instagram,0,1,0,2
cara pemakaian hb dosting,0,1,0,23
cara pemakaian hb dosting untuk pemula,0,1,0,11
cara penggunaan hb dosting,0,1,0,10
cara putihkan ketiak,0,5,0,48.8
cara racik hb dosting sendiri mencerahkan kulit,0,6,0,6.5
cara racikan handbody pemutih,0,6,0,8.5
cara tambah keranjang di instagram,0,3,0,10
cara tautkan keranjang di instagram,0,2,0,1
cara tautkan produk di ig,0,1,0,1
cara usaha parfum brand sendiri,0,3,0,9
cara viral,0,2,0,63
carikan,0,1,0,4
cekkeranjangkuning,0,1,0,8
celeblon,0,1,0,44
chemarome makassar,0,1,0,39
ciri ciri parfum beralkohol,0,1,0,57
claim,0,1,0,2
cleanical,0,2,0,2.5
clembonplan,0,1,0,50
cobaaa,0,1,0,2
contoh cream gel moisturizer,0,1,0,9
contoh hb dosting,0,1,0,3
contoh hb dosting adalah,0,4,0,10.5
contoh iklan kecantikan,0,3,0,5.33
contoh iklan kosmetik,0,12,0,7.33
contoh iklan produk kecantikan,0,11,0,8
contoh iklan produk kecantikan dalam bahasa inggris,0,5,0,9
contoh iklan produk skincare,0,3,0,10
contoh iklan skincare,0,8,0,9
contoh iklan skincare yang menarik,0,8,0,8.5
contoh kata-kata promosi salon kecantikan,0,3,0,28.67
contoh moisturizer gel,0,1,0,3
contoh testimoni produk kecantikan,0,1,0,51
contohnya di indonesia,0,1,0,2
contohnya merk apa,0,1,0,8
copywriting kosmetik,0,33,0,6.15
cream artinya,0,1,0,35
cream dan moisturizer apakah sama,0,2,0,10.5
cream gel cream,0,1,0,11
cream gel moisturizer,0,13,0,3.92
cream gel power tx,0,1,0,5
cream hb,0,1,0,3
cream viral,0,1,0,3
cream vs gel,0,2,0,1
cream vs gel moisturizer,0,1,0,10
cremorlab,0,1,0,36
criolab medellin,0,1,0,43
custom body care,0,1,0,9
custom body wash,0,1,0,4
custom lip gloss,0,2,0,2
custom parfum surabaya,0,7,0,8.71
cv arasy cosmetindo,0,1,0,5
cysteamin untuk flek,0,9,0,9.67
cysteamine,0,13,0,18.08
cysteamine adalah,0,53,0,11.13
cysteamine capsules,0,1,0,20
cysteamine skincare,0,1,0,11
cysteamine untuk apa,0,11,0,10.55
cysteamine untuk flek,0,6,0,10.5
cysteamine untuk flek hitam,0,1,0,11
cysteamine untuk jerawat,0,1,0,9
cysteamine untuk wajah,0,1,0,33
cysteamine vs hydroquinone,0,3,0,8.33
cysteamine yang ampuh untuk flek,0,5,0,10
d panthenol untuk apa,0,1,0,40
d-panthenol adalah,0,1,0,60
daftar perusahaan kosmetik di indonesia,0,1,0,61
daftar perusahaan maklon kosmetik,0,12,0,17.42
dan skincare,0,1,0,4
data penjualan skincare,0,1,0,26
data penjualan skincare di indonesia,0,11,0,31.27
data pertumbuhan industri kosmetik di indonesia 2025,0,11,0,4.82
dear me beauty,0,1,0,3
dear me beauty punya siapa,0,1,0,3
decasilabs,0,1,0,48
decorative makeup,0,11,0,5.64
demplon,0,1,0,50
denatured alcohol adalah,0,1,0,11
deodorant termasuk kategori apa,0,3,0,11.33
derma lab,0,1,0,3
dermalab,0,2,0,65
deskripsi kan wanginya,0,1,0,3
devina caramoy,0,4,0,1.75
devina skincere,0,1,0,11
di batam ada?,0,1,0,3
difference between toner and micellar water,0,2,0,68.5
dipropylene glycol adalah,0,1,0,2
distributor kosmetik murah tangan pertama jakarta,0,1,0,4
distributor skincare,0,1,0,2
dosis harian astaxanthin,0,1,0,2
dosting,0,2,0,3
dosting adalah,0,145,0,8.5
dosting artinya,0,1,0,3
dosting body lotion bpom,0,3,0,9
dosting bpom,0,2,0,6.5
dosting itu apa,0,2,0,3
dosting label,0,3,0,6.67
dosting racikan,0,1,0,1
dramlab,0,4,0,2
dream beauty lab,0,1,0,2
dream labs,0,1,0,2
dream.lab,0,1,0,3
dreamlab chile,0,1,0,4
dreamlab cosmetici,0,1,0,2
dreamlab official website,0,3,0,2.67
dreamlab skincare,0,1,0,10
dreamlab studio,0,2,0,17
dreamlab studios,0,1,0,12
dreamlabs careers,0,1,0,2
dreamlav,0,1,0,1
dreamline beauty private label,0,1,0,48
dreamon,0,1,0,66
dreams beauty,0,1,0,54
econolab,0,1,0,62
edp,0,1,0,23
edp atau edt,0,1,0,26
edp berapa persen,0,17,0,10.82
edp dan edt,0,3,0,24.33
edp dan edt bedanya apa,0,1,0,9
edp edt,0,2,0,41
edp itu apa,0,1,0,11
edt,0,6,0,12.67
edt adalah,0,50,0,10.66
edt artinya,0,2,0,11
edt atau edp,0,2,0,19.5
edt dan edp,0,2,0,23.5
edt edp,0,7,0,15
edt parfum,0,1,0,11
edt parfum adalah,0,3,0,25
edt perfume,0,1,0,26
efek hb dosting,0,1,0,2
efek memakai hb dosting,0,1,0,2
efek samping cysteamine,0,7,0,9.86
efek samping hb dosting,0,1,0,3
electrolab,0,1,0,53
email,0,1,0,1
estimasi,0,1,0,2
etanol parfum,0,1,0,54
etanol untuk parfum,0,6,0,36
eterniskin,0,1,0,3
ethanol parfum,0,3,0,30.67
ethanol untuk parfum,0,2,0,7
ethyl alcohol pada parfum,0,2,0,10.5
fairylab,0,1,0,43
farelab,0,1,0,29
farmaskin hb dosting,0,1,0,10
fashion and beauty,0,1,0,3
fastlab surabaya,0,1,0,43
fee affiliate skincare,0,2,0,11
fifth love ginseng & polygonum,0,1,0,4
flek hitam,0,1,0,1
foot care company,0,1,0,2
footlab,0,1,0,36
footlab jakarta,0,2,0,64
footlin cream,0,1,0,17
formala,0,1,0,5
formbodylab,0,1,0,39
formula beauty products,0,1,0,12
fragrance manufacturer,0,1,0,21
fungsi alkohol dalam minyak wangi,0,2,0,59
fungsi alkohol dalam parfum,0,3,0,10.33
fungsi alkohol di parfum,0,17,0,11.12
fungsi alkohol pada parfum,0,33,0,11.48
fungsi cysteamine,0,6,0,11.83
fungsi ginseng untuk rambut,0,1,0,11
fungsi hair tonic ginseng,0,9,0,14.89
fungsi panthenol,0,5,0,64.2
fungsi panthenol untuk wajah,0,7,0,27.29
gak,0,1,0,2
gambar aksara kosmetik indonesia,0,1,0,2
gel and cream moisturizer,0,1,0,10
gel cream hybrid moisturizer,0,1,0,1
gel cream moisturizer,0,2,0,1
gel cream vs cream,0,1,0,7
gel moisturizer untuk apa,0,3,0,11.67
gel moisturizer vs cream,0,1,0,9
gel vs cream,0,5,0,6.6
gel vs cream moisturizer,0,4,0,7.5
gel vs gel cream,0,1,0,8
gen z,0,1,0,3
germolap,0,1,0,36
ginseng for hair,0,3,0,35.33
ginseng hair tonic,0,2,0,35.5
ginseng rambut,0,2,0,27
ginseng untuk rambut,0,3,0,34.33
ginseng untuk rambut rontok,0,2,0,10.5
glutawhite milky lotion harga,0,1,0,3
glycocare body lotion,0,1,0,7
grafik pertumbuhan industri kosmetik di indonesia,0,5,0,9.2
grulab id,0,1,0,29
guna alkohol di parfum,0,9,0,10.89
gunanya panthenol untuk wajah,0,1,0,12
hair tonic ginseng,0,8,0,21
hair tonic ginseng manfaat,0,1,0,12
hair tonic ginseng untuk apa,0,2,0,7.5
hair tonic ginseng untuk rambut rontok,0,1,0,9
hairlab,0,1,0,45
haizhen cosmetics indonesia foto,0,1,0,1
halal deodorant,0,1,0,17
hanasui gentle retinol moisturizer gel,0,1,0,3
hanasui produk dari negara mana,0,1,0,3
hand body marina biru,0,1,0,2
hand body pemutih,0,1,0,3
hand body pemutih kulit,0,1,0,4
hand body racikan,0,1,0,10
hand body untuk memutihkan kulit,0,2,0,3.5
hand body yang ampuh memutihkan kulit,0,1,0,3
handbody alami,0,9,0,6.89
handbody campur apa biar cepat putih,0,1,0,3
handbody dicampur apa biar cepat putih,0,1,0,3
handbody dosting,0,2,0,3
handbody dosting adalah,0,2,0,2.5
handbody dosting apakah aman,0,1,0,2
handbody gel,0,1,0,3
handbody hd,0,1,0,3
handbody marina untuk memutihkan kulit,0,1,0,3
handbody pemutih badan yang bagus dan aman,0,1,0,2
handbody pemutih kulit permanen,0,2,0,3
handbody racikan,0,38,0,9.39
handbody racikan paling ampuh,0,3,0,5.33
handbody racikan pemutih,0,3,0,9
handbody racikan pemutih buatan sendiri,0,15,0,8.2
handbody racikan sendiri,0,66,0,7.27
handbody racikan sendiri untuk memutihkan kulit,0,19,0,6.42
handbody racikan yang ampuh memutihkan,0,1,0,11
handbody raja onta,0,1,0,3
handbody terbaik untuk mencerahkan kulit,0,1,0,3
handbody untuk memutihkan kulit,0,1,0,3
handbody untuk memutihkan kulit dan melindungi dari sinar matahari,0,2,0,3
handbody untuk memutihkan kulit dan melindungi dari sinar matahari untuk pria,0,1,0,3
handbody vaseline gluta hya,0,1,0,2
handbody viral,0,1,0,3
handbody yang ada tone up nya,0,1,0,3
handbody yang bikin cepat putih,0,1,0,3
happy lab indonesia,0,1,0,49
hardbox parfum,0,4,0,21.5
harga,0,2,0,19.5
harga astaxanthin di apotik,0,1,0,3
harga jasa maklon,0,2,0,11
harga moisturizer viva gel,0,1,0,3
hb acil idang apakah sudah bpom,0,1,0,3
hb adalah skincare,0,2,0,10
hb arbutin whitening,0,1,0,2
hb beauty skin,0,1,0,8
hb body lotion adalah,0,3,0,2.67
hb booster,0,1,0,3
hb booster adalah,0,3,0,2.33
hb bpom,0,1,0,10
hb dalam skincare adalah,0,1,0,12
hb dosting aman,0,1,0,2
hb dosting aman atau tidak,0,1,0,2
hb dosting ampuh bpom,0,1,0,3
hb dosting artinya,0,23,0,8.39
hb dosting bpom,0,15,0,6.27
hb dosting farmaskin,0,1,0,3
hb dosting itu apa,0,4,0,8.5
hb dosting itu apa aja,0,1,0,11
hb dosting maydooza,0,1,0,3
hb dosting newlab,0,1,0,3
hb dosting racikan sendiri,0,23,0,7.61
hb dosting terbuat dari apa,0,1,0,11
hb dosting untuk apa,0,1,0,2
hb dosting yang aman dan bpom,0,1,0,1
hb dosting yang aman dan sudah bpom,0,3,0,2.33
hb dosting yang bagus,0,1,0,37
hb dosting yang bagus dan aman,0,6,0,3
hb dosting yang bagus dan bpom,0,1,0,3
hb dosting yang bagus merk apa,0,2,0,3
hb dosting yang cepat memutihkan,0,1,0,3
hb dosting yang sudah bpom,0,1,0,1
hb dostinh,0,1,0,3
hb farmasi,0,1,0,3
hb farmasi adalah,0,1,0,3
hb farmaskin,0,1,0,1
hb farmaskin apakah sudah bpom,0,1,0,3
hb itu apa dalam skincare,0,2,0,11
hb kecantikan artinya,0,3,0,8
hb kosmetik,0,1,0,10
hb lotion adalah,0,1,0,3
hb marina,0,1,0,2
hb pemutih racikan sendiri,0,23,0,7.61
hb pemutih yang ampuh,0,1,0,3
hb racikan ampuh mencerahkan cepat,0,1,0,7
hb racikan mencerahkan kulit,0,4,0,7.5
hb racikan sendiri,0,211,0,9.36
hb racikan sendiri biar cepet cerah,0,1,0,7
hb skincare,0,2,0,5.5
hb ultimate,0,1,0,3
hb whitening,0,2,0,3
hb whitening super,0,1,0,3
headlab,0,1,0,49
heni sagara kasus,0,1,0,2
hero ingredients,0,5,0,10.2
hero ingredients artinya,0,10,0,11.1
hni moisturizing gel,0,1,0,2
hpp parfum,0,2,0,9
iklan kecantikan,0,31,0,9.16
iklan klinik kecantikan,0,4,0,23.75
iklan kosmetik,0,22,0,13.27
iklan kosmetik bahasa inggris,0,5,0,10.8
iklan makeup,0,2,0,5
iklan perawatan kulit,0,10,0,12.2
iklan produk kecantikan,0,7,0,13.86
iklan produk skincare,0,7,0,10.14
iklan skincare,0,45,0,8.71
iklan skincare bahasa inggris,0,1,0,9
iklan tentang kecantikan,0,22,0,9.73
iklan tentang makeup,0,2,0,6
iklan untuk kosmetik,0,9,0,9.67
iklan untuk makeup,0,23,0,7.57
iklan untuk produk kosmetik,0,26,0,7.46
implora ceramide skin barrier rich moisturizing gel,0,1,0,3
industri kecantikan,0,2,0,62.5
industri kosmetik,0,10,0,12.4
industri kosmetik di indonesia,0,6,0,30
industri skincare di indonesia,0,1,0,11
ini halal?,0,1,0,21
ini sabun?,0,1,0,8
inspired parfum adalah,0,107,0,7.3
inspired parfum artinya,0,22,0,5.86
interxanthin obat apa,0,1,0,3
intimate moisturizing gel,0,3,0,3
iya,0,5,0,3.6
iya keduanya,0,1,0,4
iyaa,0,1,0,4
jasa maklon,0,5,0,5.4
jasa maklon body care,0,3,0,14
jasa maklon body lotion,0,2,0,5.5
jasa maklon body mist,0,1,0,1
jasa maklon body scrub,0,2,0,6
jasa maklon bodycare bpom,0,15,0,14.93
jasa maklon cushion,0,1,0,7
jasa maklon deodorant,0,1,0,2
jasa maklon dry shampoo,0,1,0,8
jasa maklon facial wash,0,4,0,7
jasa maklon hair mask,0,2,0,5.5
jasa maklon hair tonic,0,4,0,13.25
jasa maklon kosmetik murah,0,1,0,30
jasa maklon kosmetik tangerang,0,4,0,9.75
jasa maklon kosmetik terbaik,0,9,0,21.56
jasa maklon lip cream,0,2,0,1
jasa maklon lip scrub,0,1,0,1
jasa maklon lip serum,0,2,0,6
jasa maklon lip tint,0,2,0,9.5
jasa maklon loose powder,0,1,0,6
jasa maklon masker,0,1,0,13
jasa maklon packaging kosmetik,0,4,0,16.5
jasa maklon parfum,0,56,0,29.02
jasa maklon skin care,0,2,0,21.5
jasa maklon skincare,0,44,0,25.82
jasa maklon skincare jakarta,0,2,0,9
jasa maklon skincare terbaik,0,2,0,14
jasa maklon sunscreen,0,6,0,9.17
jasa maklon tangerang,0,8,0,19.75
jawab dengan rinci,0,1,0,2
jelaskan semuanya,0,1,0,7
jenis alkohol untuk parfum,0,48,0,7.29
jenis vitamin c,0,7,0,38.57
jenis vitamin c skincare,0,2,0,17
jualan produk,0,1,0,2
kalo yang ini gimana,0,1,0,15
kandungan alkohol dalam minyak wangi,0,4,0,72.75
kandungan cysteamine,0,3,0,11
kandungan cysteamine untuk apa,0,16,0,9.06
kandungan marina biru,0,1,0,3
kandungan panthenol untuk apa,0,1,0,68
kapan waktu terbaik minum astaxanthin,0,1,0,2
karya sehat medistra,0,1,0,48
kata kata iklan skincare,0,4,0,10
kata kata promosi klinik kecantikan,0,2,0,14
kata kata promosi produk kecantikan,0,10,0,13.1
kata kata promosi skincare,0,2,0,8.5
kata kata promosi skincare yang menarik,0,7,0,10.86
kata kata skincare,0,1,0,9
kata kata untuk produk kecantikan,0,2,0,15.5
kata kosmetik,0,1,0,13
kata-kata promosi produk kecantikan,0,63,0,9.3
kata-kata promosi skincare yang menarik,0,46,0,8.91
kebutuhan astaxanthin per hari,0,1,0,2
keduanya,0,2,0,2
kegunaan alkohol pada parfum,0,8,0,9.88
kegunaan astaxanthin,0,1,0,2
kegunaan cysteamine,0,1,0,12
kegunaan hair tonic,0,1,0,42
kegunaan hair tonic ginseng,0,3,0,14.33
kegunaan hb dosting,0,1,0,3
kegunaan panthenol,0,2,0,33
kegunaan panthenol untuk wajah,0,4,0,22.25
kelas premium,0,1,0,1
kemasan feet bottle,0,7,0,5.29
keranjang di instagram,0,1,0,3
keranjang instagram,0,1,0,1
keranjang kuning instagram,0,2,0,10.5
keranjang putih,0,1,0,22
kering,0,1,0,1
kesehatan dan kecantikan,0,1,0,5
kesehatan kulit,0,1,0,3
khasiat ginseng untuk rambut,0,1,0,3
kids labs,0,1,0,12
kinetolab,0,1,0,46
kinglab,0,1,0,55
kirim alamat,0,1,0,5
kol affiliate program,0,2,0,9.5
kol beauty adalah,0,3,0,7.67
komposisi hb dosting,0,2,0,11
konlabos,0,3,0,60.67
kosme,0,1,0,3
kosmetik dekoratif,0,1,0,27
kosmetik indonesia,0,2,0,42
kosmetik jawa timur,0,2,0,9
kosmetik kediri,0,6,0,8.17
kosmetik service,0,1,0,5
kosmetik sidoarjo,0,2,0,8.5
kosmetik surabaya,0,3,0,8.67
kosmetik white label,0,1,0,19
kosmetik yang bagus,0,1,0,25
kride lab,0,1,0,11
krim gel,0,1,0,3
krim itu apa,0,1,0,3
krim pengencang wajah,0,1,0,30
kulit kering,0,1,0,2
kyk gini,0,1,0,2
la tulipe moisturizer gel,0,2,0,4
laa vitamin c,0,1,0,12
lab rnd adalah,0,1,0,2
lavojoy body lotion,0,1,0,3
lebih penting toner atau micellar water,0,1,0,22
lightening adalah,0,1,0,2
lightweight gel cream,0,1,0,4
liora body serum dna salmon apakah sudah bpom,0,1,0,3
lip balm custom,0,1,0,1
lip blush apakah halal,0,3,0,7.33
lip blush halal,0,6,0,9
lip gloss premium brand,0,1,0,2
lipstik,0,1,0,1
liquid blush packaging,0,1,0,10
logo cpkb,0,12,0,9
logo hb dosting,0,15,0,4.8
lotion kulit belang,0,1,0,3
lotion sheriz,0,1,0,3
lotion white inc,0,1,0,3
lulur ampas kopi,0,1,0,2
lulur kopi,0,1,0,3
lulur kopi berapa menit,0,5,0,9.8
lulur kopi untuk memutihkan badan,0,1,0,3
lulur pemutih badan,0,1,0,3
luluran kopi berapa menit,0,16,0,9.31
lunaray beauty factory,0,1,0,34
macam2 vitamin c,0,1,0,50
mackerlab,0,1,0,46
madame gie punya siapa,0,1,0,3
make up lokal brand,0,1,0,3
maklin,0,2,0,6
maklon,0,22,0,15.09
maklon apa,0,1,0,6
maklon baby bug repellent,0,1,0,22
maklon bandung,0,2,0,14.5
maklon bedak bayi,0,6,0,5.83
maklon bergaransi,0,2,0,46
maklon bersertifikasi halal,0,1,0,41
maklon body butter,0,5,0,9.8
maklon body care,0,24,0,12.38
maklon body lotion,0,1,0,17
maklon body lotion dan body wash,0,2,0,15.5
maklon body mist,0,8,0,17.75
maklon body scrub,0,2,0,12.5
maklon body serum eksklusif,0,16,0,12.94
maklon body wash,0,9,0,14.89
maklon bodycare murah dan berkualitas,0,6,0,15.33
maklon bodycare surabaya,0,15,0,12.27
maklon bodycare terbaik di indonesia,0,13,0,18
maklon brand sendiri,0,1,0,3
maklon china,0,1,0,9
maklon cosmetic,0,1,0,7
maklon cushion,0,2,0,9.5
maklon deodoran,0,3,0,14.33
maklon deodorant spray,0,5,0,5.2
maklon essential oil,0,10,0,8.3
maklon facial wash,0,3,0,10
maklon foot care,0,10,0,5.3
maklon gel rambut,0,2,0,6
maklon hair care,0,10,0,14.3
maklon hair spray,0,1,0,8
maklon hair tonic,0,1,0,37
maklon handbody,0,4,0,10.75
maklon herbal bandung,0,2,0,35.5
maklon herbal di jogja,0,3,0,40.33
maklon herbal surabaya,0,7,0,25.86
maklon itu apa,0,1,0,12
maklon jakarta,0,1,0,3
maklon kondisioner,0,4,0,9.25
maklon kosmetik bali,0,15,0,18.67
maklon kosmetik bandung,0,48,0,13.52
maklon kosmetik bekasi,0,3,0,16.33
maklon kosmetik bpom,0,3,0,8.33
maklon kosmetik di indonesia,0,2,0,30
maklon kosmetik halal dan bpom,0,10,0,35.7
maklon kosmetik indonesia,0,5,0,32.6
maklon kosmetik moq 100 pcs,0,1,0,1
maklon kosmetik murah,0,2,0,34.5
maklon kosmetik sidoarjo,0,13,0,10.69
maklon kosmetik skala kecil,0,9,0,6.89
maklon kosmetik tangerang,0,12,0,14
maklon kosmetik terbaik di indonesia,0,27,0,9.04
maklon krim cukur,0,4,0,44.25
maklon krim kaki,0,8,0,13.38
maklon krim mata,0,4,0,17.25
maklon krim penghilang stretch mark,0,1,0,49
maklon lip cream,0,1,0,6
maklon lip gloss,0,1,0,6
maklon lipstick,0,2,0,5.5
maklon lipstik,0,43,0,9.47
maklon loose powder,0,1,0,6
maklon losion bayi,0,7,0,6
maklon lulur dan body scrub,0,2,0,18
maklon make up,0,4,0,9.75
maklon makeup,0,5,0,18.4
maklon masker,0,4,0,10.75
maklon masker medis,0,2,0,20.5
maklon masker organik,0,2,0,15
maklon masker rambut,0,3,0,10.33
maklon masker wajah,0,2,0,10
maklon minyak bayi,0,6,0,9.83
maklon minyak kayu putih,0,1,0,63
maklon minyak rambut,0,1,0,17
maklon moisturizer,0,1,0,18
maklon moq rendah,0,7,0,21.29
maklon murah,0,1,0,21
maklon parfum adalah,0,37,0,9.24
maklon parfum bandung,0,1,0,41
maklon parfum bpom,0,21,0,39.81
maklon parfum indonesia,0,4,0,37.5
maklon parfum itu apa,0,10,0,8.7
maklon parfum jogja,0,1,0,41
maklon parfum murah,0,2,0,32
maklon parfum sidoarjo,0,3,0,5.33
maklon parfum tangerang,0,12,0,9
maklon parfum terbaik di indonesia,0,7,0,5.71
maklon parfum terdekat,0,5,0,6.4
maklon parfume,0,1,0,9
maklon pelembap,0,7,0,17.29
maklon pelembap bayi,0,6,0,9.17
maklon pembersih wajah,0,2,0,24.5
maklon perawatan bibir,0,5,0,14.2
maklon perawatan kulit kepala,0,4,0,16
maklon perawatan kulit untuk ibu hamil,0,9,0,13.44
maklon powder cosmetic industry,0,1,0,61
maklon produk kesehatan,0,1,0,4
maklon produk personal care,0,1,0,20
maklon sabun,0,1,0,11
maklon sabun antibakteri,0,5,0,4.4
maklon sabun baby,0,31,0,10.16
maklon sabun batang,0,8,0,26.75
maklon sabun herbal,0,11,0,32.73
maklon sabun mandi bayi,0,6,0,19
maklon sabun pemutih (pencerah),0,6,0,15
maklon sabun transparan,0,3,0,49
maklon sampo,0,6,0,18.33
maklon sampo bayi,0,7,0,3.86
maklon serum rambut,0,6,0,8.67
maklon skin care,0,6,0,30.33
maklon skincare adalah,0,1,0,7
maklon skincare bandung,0,91,0,10.59
maklon skincare bpom,0,3,0,38.33
maklon skincare indonesia,0,4,0,5.75
maklon skincare jakarta,0,10,0,8.8
maklon skincare jogja,0,2,0,21
maklon skincare pria,0,6,0,17.67
maklon skincare sidoarjo,0,32,0,25.78
maklon skincare terdekat,0,2,0,7.5
maklon sunblock,0,3,0,12.67
maklon suplemen kecantikan,0,5,0,25.2
maklon tangerang,0,6,0,16
maklon terdekat,0,7,0,8.29
maklon toner,0,5,0,9.6
maklon tonik rambut,0,4,0,15.75
maklon yang paling diminati 2026,0,1,0,10
makloon parfum bandung,0,2,0,11
manfaat akar ginseng untuk rambut,0,4,0,15.5
manfaat astaxanthin untuk kulit,0,5,0,53.4
manfaat astaxanthin untuk wajah,0,5,0,53.6
manfaat cysteamine,0,16,0,11.56
manfaat cysteamine untuk wajah,0,5,0,11.4
manfaat gingseng buat rambut,0,1,0,11
manfaat ginseng buat rambut,0,1,0,11
manfaat ginseng untuk rambut,0,24,0,12.21
manfaat hair tonic,0,2,0,40.5
manfaat hair tonic ginseng,0,27,0,16.11
manfaat hair tonic ginseng untuk rambut,0,2,0,11
manfaat hair tonic hijau,0,1,0,43
manfaat handbody marina campur minyak zaitun,0,1,0,3
manfaat kopi hitam untuk lulur badan,0,1,0,3
manfaat minum astaxanthin setiap hari,0,1,0,2
manfaat minyak ginseng untuk rambut,0,3,0,9
manfaat moist panthenol,0,1,0,9
manfaat panthenol,0,2,0,35
manfaat panthenol untuk wajah,0,2,0,20
manfaat shampo ginseng,0,4,0,41.5
manfaat tonic rambut,0,1,0,47
manfaat wardah symradiance 399 moisturizer,0,1,0,3
manislab,0,1,0,30
manufacturing,0,1,0,6
manufaktur di surabaya,0,1,0,13
manufaktur kosmetik,0,1,0,23
marina expert white & glow moisturizing gel for face & body,0,1,0,3
marketeers transformasi industri kecantikan 2020 2025 dari kuantitas ke kualitas,0,2,0,11
marketlab,0,4,0,51.5
markloan,0,4,0,37.75
masterlab,0,1,0,31
matte lip cream,0,1,0,5
mau,0,2,0,3
medithin astaxanthin,0,1,0,3
meiyume,0,1,0,2
memutihkan badan pakai apa,0,1,0,3
memutihkan ketiak,0,4,0,38.75
memutihkan ketiak hitam,0,1,0,48
mencerahkan ketiak,0,4,0,54.25
meracik handbody untuk memutihkan kulit,0,22,0,6.59
meracik hb dosting,0,8,0,7.75
meracik hb sendiri,0,15,0,6.93
merek,0,1,0,6
merk yg bagus,0,1,0,12
metanol untuk parfum,0,1,0,2
micellar water as toner,0,1,0,34
micellar water dan toner apa bedanya,0,1,0,27
micellar water dan toner apakah sama,0,5,0,20.4
micellar water sama toner apa bedanya,0,1,0,16
micellar water vs toner,0,3,0,25.67
mindlab,0,2,0,45
minyak ginseng untuk rambut,0,1,0,31
minyak wangi alkohol,0,1,0,56
modal,0,1,0,1
modal 20 juta,0,1,0,9
modal awal buka toko kosmetik,0,1,0,2
modal bisnis skincare,0,3,0,29
modal usaha skin care,0,4,0,40.5
moell,0,1,0,2
moisture gel adalah,0,4,0,13.75
moisture gel skintific,0,1,0,3
moisturizer & cream,0,7,0,18.71
moisturizer cream gel,0,1,0,16
moisturizer cream vs gel,0,1,0,9
moisturizer dan cream apakah sama,0,3,0,11
moisturizer gel,0,1,0,11
moisturizer gel cream,0,4,0,7.75
moisturizer gel dan cream,0,8,0,6.5
moisturizer gel untuk apa,0,2,0,10.5
moisturizer gel untuk kulit apa,0,2,0,8
moisturizer gel untuk mencerahkan wajah,0,1,0,3
moisturizer gel vs cream,0,5,0,7.4
moisturizer latulipe,0,3,0,3
moisturizer moell,0,1,0,2
moisturizer skintific biru,0,2,0,3
moisturizer sunscreen lokal,0,5,0,11.6
moisturizer tekstur gel,0,1,0,3
moisturizer vs grill,0,1,0,6
moisturizer vs sushi,0,1,0,8
moisturizer wardah gel,0,1,0,3
moisturizing cream adalah,0,1,0,32
moisturizing gel adalah,0,1,0,9
moisturizing gel untuk apa,0,1,0,10
morlab,0,1,0,49
morlab indonesia,0,1,0,19
morlab skincare,0,2,0,29.5
mpobulan,0,1,0,12
mushlab,0,1,0,43
mutihin badan pakai apa,0,1,0,3
mypearsonlab,0,2,0,46
nad,0,3,0,47.67
nad adalah,0,1,0,46
nad skincare,0,4,0,7.25
nad+ skincare,0,2,0,8
nama brand kosmetik,0,1,0,55
nama pt kosmetik di indonesia,0,1,0,19
nama pt kosmetik yang bagus,0,3,0,8.67
natur e moisturizer gel,0,2,0,2.5
natur hair tonic ginseng,0,1,0,3
nazwa skincare viral,0,1,0,1
newlab hb dosting,0,1,0,3
nomor hape,0,1,0,2
nomor izin edar kosmetik,0,1,0,18
nomor notifikasi kosmetik,0,2,0,12
nomor teleponnya,0,1,0,1
non hydroquinone lightening cream,0,1,0,43
nutrilab,0,2,0,43.5
nutrilab pratama,0,1,0,48
obat astaxanthin,0,1,0,3
obat asthin force 12 untuk apa,0,1,0,3
odm skincare,0,1,0,5
odm white label,0,1,0,7
oem kosmetik,0,1,0,2
oem skincare indonesia,0,1,0,68
oh iya,0,1,0,2
omg barrier moisture gel,0,1,0,3
opinionlab,0,1,0,44
owner daviena skincare,0,1,0,4
owner skincare terkaya di indonesia,0,1,0,2
pabrik apa aja,0,1,0,8
pabrik fallin beauty,0,1,0,78
pabrik kosmetik,0,112,0,15.79
pabrik kosmetik buduran sidoarjo,0,8,0,10.25
pabrik kosmetik di bali,0,2,0,35.5
pabrik kosmetik di bantul,0,2,0,44.5
pabrik kosmetik di indonesia,0,2,0,15.5
pabrik kosmetik di malang,0,2,0,14.5
pabrik kosmetik di medan,0,3,0,8.33
pabrik kosmetik di surabaya,0,13,0,5.31
pabrik kosmetik di tangerang,0,10,0,23.1
pabrik kosmetik gedangan sidoarjo,0,5,0,1
pabrik kosmetik jakarta,0,2,0,17.5
pabrik kosmetik jawa timur,0,7,0,19.29
pabrik kosmetik malang,0,5,0,11.6
pabrik kosmetik pasuruan,0,3,0,4.33
pabrik kosmetik rungkut surabaya,0,2,0,17.5
pabrik kosmetik sidoarjo,0,16,0,9.38
pabrik kosmetik surabaya timur,0,10,0,15.4
pabrik kosmetik tangerang,0,6,0,28.5
pabrik kosmetik terdekat,0,4,0,8.5
pabrik lipstik,0,6,0,10.5
pabrik maklon,0,6,0,20.5
pabrik maklon indonesia,0,3,0,7
pabrik maklon jogja,0,2,0,21.5
pabrik maklon kosmetik jakarta,0,1,0,26
pabrik maklon kosmetik surabaya,0,44,0,10.5
pabrik maklon kosmetik terpercaya,0,4,0,26.75
pabrik maklon parfum,0,10,0,8.6
pabrik maklon skincare,0,65,0,12.45
pabrik maklon terdekat,0,1,0,4
pabrik manufaktur,0,1,0,48
pabrik manufaktur di surabaya,0,3,0,61
pabrik parfum,0,74,0,19.95
pabrik parfum di indonesia,0,3,0,41.33
pabrik parfum indonesia,0,6,0,6.67
pabrik parfum jakarta,0,19,0,7.95
pabrik parfum surabaya pt maklon kosmetik indonesia,0,2,0,5
pabrik parfum tangerang,0,1,0,11
pabrik parfum terdekat,0,6,0,7.33
pabrik pembuatan skincare,0,11,0,16
pabrik skincare,0,222,0,15.93
pabrik skincare di indonesia,0,15,0,10
pabrik skincare halal,0,1,0,22
pabrik skincare terbesar di indonesia,0,32,0,7.38
pabrik skincare terdekat,0,3,0,6
pabrik skintific,0,1,0,2
panthenol,0,6,0,27
panthenol adalah,0,6,0,38.17
panthenol artinya,0,1,0,14
panthenol for skin,0,1,0,37
panthenol fungsi,0,4,0,57.25
panthenol manfaat,0,2,0,28
panthenol manfaat untuk wajah,0,2,0,10
panthenol skincare,0,2,0,35
panthenol untuk apa,0,3,0,34.67
panthenol untuk kulit,0,1,0,44
panthenol untuk kulit apa,0,2,0,27.5
panthenol untuk kulit kering,0,16,0,6.88
panthenol untuk wajah,0,2,0,21
parfum,0,2,0,3
parfum 2026,0,1,0,10
parfum alcohol,0,1,0,11
parfum alkohol,0,4,0,35.25
parfum beralkohol,0,1,0,3
parfum edp dan edt,0,2,0,27
parfum edt,0,2,0,29.5
parfum edt adalah,0,2,0,25.5
parfum edt dan edp,0,1,0,32
parfum edt edp,0,1,0,22
parfum inspired adalah,0,92,0,5.88
parfum inspired artinya,0,19,0,6
parfum inspired by,0,1,0,10
parfum maklon adalah,0,1,0,12
parfum merek sendiri,0,11,0,55.09
parfum terbaru 2026,0,2,0,2
parfum trend 2026,0,13,0,6.54
parfum viral 2026,0,1,0,17
parfum yang mengandung alkohol,0,5,0,12.8
parfum yang sedang trend saat ini,0,3,0,4.33
parfume,0,1,0,7
parfume balm,0,1,0,3
parfume bubble gum,0,1,0,18
parfume edp adalah,0,1,0,3
parfume edt,0,1,0,31
pasar kosmetik,0,1,0,9
pbktl,0,6,0,42.17
pelembab la tulipe,0,1,0,3
pembersih lantai,0,1,0,4
penggunaan hb dosting,0,1,0,10
peptide+,0,3,0,5.67
perawatan bibir,0,1,0,6
perawatan memutihkan ketiak,0,2,0,30
perbedaan affiliate dan kol,0,4,0,11.25
perbedaan booster dan dosting,0,8,0,1
perbedaan cream dan gel,0,8,0,11
perbedaan cream dan moisturizer,0,5,0,14.4
perbedaan dosting dan booster,0,8,0,1.25
perbedaan eau de toilette,0,1,0,27
perbedaan edp dan edt,0,10,0,16.2
perbedaan edp dan edt pada parfum,0,1,0,16
perbedaan edp edt,0,51,0,10.1
perbedaan edt dan edp,0,36,0,12.75
perbedaan edt edp,0,4,0,18
perbedaan etanol dan alkohol untuk parfum,0,1,0,24
perbedaan gel dan cream,0,38,0,10.18
perbedaan gel dan krim,0,2,0,9.5
perbedaan hb booster dan hb dosting,0,5,0,1.4
perbedaan hb dan dosting,0,14,0,5.57
perbedaan hb dosting dan hb booster,0,18,0,1
perbedaan hb dosting dan hb bpom,0,15,0,8.47
perbedaan hb dosting dan hb whitening,0,16,0,4.75
perbedaan kol dan affiliate,0,1,0,11
perbedaan krim dan gel,0,4,0,4.75
perbedaan micellar water dan toner,0,6,0,18.5
perbedaan moist gel dan cream,0,14,0,7
perbedaan moisturizer cream dan gel,0,21,0,6.29
perbedaan moisturizer dan cream,0,9,0,12.78
perbedaan moisturizer gel dan cream,0,41,0,7.05
perbedaan parfum edp dan edt,0,4,0,21.75
perbedaan parfum edt dan edp,0,6,0,15.33
perbedaan salicylic acid dan succinic acid,0,7,0,11.29
perbedaan succinic acid dan salicylic acid,0,4,0,10.5
perbedaan toner dan micellar water,0,12,0,23.83
perbedaan vitacid gel dan cream,0,1,0,3
periklanan dalam kosmetik,0,3,0,21.67
periklanan kecantikan,0,3,0,21.33
periklanan kosmetik,0,1,0,23
perkembangan industri kosmetik di indonesia,0,1,0,14
perlab,0,1,0,38
pertumbuhan industri kosmetik di indonesia,0,1,0,9
perusahaan,0,1,0,2
perusahaan beauty di indonesia,0,1,0,5
perusahaan kecantikan,0,1,0,5
perusahaan kosmetik,0,6,0,26.33
perusahaan kosmetik di indonesia,0,1,0,101
perusahaan kosmetik di jakarta,0,1,0,18
perusahaan kosmetik di surabaya,0,37,0,20.22
perusahaan kosmetik terbesar di indonesia,0,31,0,12
perusahaan maklon,0,8,0,50.5
perusahaan maklon di indonesia,0,11,0,11.45
perusahaan maklon kosmetik,0,9,0,44.11
perusahaan maklon kosmetik di indonesia,0,6,0,9.67
perusahaan maklon skincare,0,22,0,9.14
perusahaan maklon terbesar di indonesia,0,22,0,6.68
perusahaan manufaktur,0,1,0,61
perusahaan skincare,0,21,0,12.29
perusahaan skincare di indonesia,0,10,0,11.1
perusahaan skincare terbesar di indonesia,0,33,0,7.09
pheromone adalah,0,221,0,6.38
pheromone artinya,0,3,0,8.67
pheromone manusia,0,1,0,5
pho lab,0,1,0,44
plan b perfume,0,1,0,34
ponds gel moisturizer,0,1,0,2
ponds moisturizer gel,0,2,0,4.5
ponds moisturizer gel cream,0,1,0,3
positopia lab,0,1,0,29
private label,0,9,0,49.44
private label cosmetics,0,1,0,9
private label cosmetics no minimum,0,1,0,41
private label kozmetik,0,1,0,9
private label skincare,0,1,0,75
produk hb dosting bpom,0,1,0,1
produk inspired adalah,0,13,0,5.15
produk mengencangkan kult wajah,0,1,0,34
produk skincare pria,0,1,0,26
produk skincare ramai dibicarakan indonesia 2026 komala,0,2,0,7.5
produk skincare trending indonesia 2026,0,9,0,6.89
produk skincare viral indonesia 2026,0,1,0,5
produk untuk mengencangkan kulit wajah,0,1,0,34
produksi bodycare dengan standar internasional,0,1,0,45
produksi dimana,0,1,0,2
produksi skincare,0,14,0,6.71
produsen skincare,0,26,0,37.19
profil perusahaannya,0,1,0,3
proses maklon kosmetik,0,3,0,11
pt aesthetic and health beauty,0,1,0,3
pt alamanda global health,0,7,0,2.14
pt anjalis,0,1,0,3
pt athena royal kosmetika,0,1,0,4
pt atsiri jamalindo jaya,0,2,0,48.5
pt bersama bina bahagia,0,2,0,42
pt cantik alami sehat,0,1,0,3
pt cikos indonesia,0,2,0,5
pt credo indonesia,0,1,0,56
pt david bintang jaya,0,2,0,52
pt derma lab asia,0,1,0,32
pt dewi buana mulia,0,3,0,70.33
pt dream plastic indonesia,0,1,0,59
pt dream wear,0,1,0,44
pt erfi karya abadi,0,1,0,38
pt essential,0,1,0,2
pt garland cantik indonesia,0,1,0,53
pt janing dermagio kosmetik,0,4,0,43
pt karya,0,1,0,142
pt kecantikan,0,1,0,1
pt kosmetik,0,2,0,6
pt kosmetik di indonesia,0,1,0,4
pt kosmetik terbesar di indonesia,0,14,0,12.57
pt kosmetika global indonesia surabaya,0,1,0,2
pt l essential,0,1,0,56
pt l'essential,0,1,0,50
pt lainnya,0,1,0,7
pt lkb,0,1,0,48
pt maklon,0,3,0,3
pt maklon kosmetik,0,2,0,38.5
pt maklon kosmetik indonesia,0,1,0,3
pt masumi beauty indonesia,0,1,0,50
pt mitra harapan mandiri,0,1,0,59
pt mkb,0,1,0,55
pt nayue biotech indonesia,0,2,0,2
pt nose herbalindo bogor,0,1,0,3
pt nutrilab innovate care,0,1,0,24
pt nya dimana,0,1,0,4
pt pesona bintang utama,0,3,0,51.33
pt pillars,0,1,0,74
pt pillars cosmetiklon indonesia,0,1,0,4
pt refli kosmedika lab,0,1,0,30
pt sinar alfa omega,0,1,0,2
pt skincare di indonesia,0,16,0,9.44
pt skincare indonesia,0,2,0,11.5
pt skinsol kosmetik industri,0,1,0,2
pt stc sarana estetika,0,1,0,3
pt sumber kosmetika indah,0,1,0,3
pt tecno glow innovation,0,1,0,54
pt urban asia industri,0,1,0,2
pt victoria care indonesia tbk semarang,0,1,0,3
pt vitapharm surabaya,0,2,0,2
pt wahana kosmetika indonesia,0,1,0,2
pt. derma enom farma,0,1,0,2
pt. mash moshem indonesia,0,1,0,5
pt. nayue biotech indonesia,0,1,0,3
pusat kosmetik surabaya,0,2,0,8.5
racik hb sendiri,0,24,0,8.33
racikan body care,0,7,0,7.43
racikan body care untuk memutihkan kulit,0,39,0,6.03
racikan body lotion untuk memutihkan kulit,0,48,0,10.02
racikan buat kulit putih,0,4,0,7.25
racikan handbody,0,38,0,8.53
racikan handbody agar cepat putih,0,37,0,8.84
racikan handbody agar kulit putih,0,12,0,7.83
racikan handbody marina,0,1,0,3
racikan handbody paling ampuh,0,1,0,6
racikan handbody pemutih,0,218,0,8.33
racikan handbody pemutih kulit paling ampuh,0,9,0,7.11
racikan handbody pemutih paling ampuh,0,5,0,10.8
racikan handbody pemutih yang aman,0,63,0,9.21
racikan handbody untuk memutihkan kulit,0,2,0,9
racikan hb ampuh mencerahkan kulit,0,4,0,9
racikan hb bikin putih,0,29,0,8.62
racikan hb dosting ampuh mencerahkan kulit,0,3,0,8.67
racikan hb dosting apa saja,0,8,0,3.75
racikan hb pemutih,0,4,0,8.25
racikan hb pemutih badan,0,8,0,7.5
racikan hb pemutih yang aman,0,56,0,8.14
racikan hb yang ampuh memutihkan,0,4,0,7.25
racikan lotion,0,1,0,11
racikan lotion pemutih,0,3,0,7.33
racikan lotion pemutih badan,0,8,0,9.62
racikan pemutih,0,9,0,9.22
racikan pemutih badan alami,0,29,0,10.48
racikan pemutih badan buatan sendiri,0,1,0,1
racikan pemutih kulit buatan sendiri,0,11,0,7.64
racikan sendiri,0,4,0,7.25
racikan untuk memutihkan badan,0,13,0,7.62
rata2,0,1,0,2
rebrand skincare,0,1,0,8
reed diffuser,0,1,0,5
rekomendasi hb dosting bpom,0,1,0,3
rekomendasi pemutih badan,0,1,0,3
rekomendasi primer parfum,0,1,0,12
rekomendasi produk perawatan kulit 2026,0,2,0,16
rekomendasi skincare pria,0,2,0,30
resep handbody pemutih racikan dokter,0,3,0,12.67
resep handbody racikan,0,6,0,8.17
resep handbody racikan farmasi,0,4,0,10.25
resep hb,0,4,0,4.5
resep hb dosting,0,1,0,9
resep hb dosting ampuh mencerahkan,0,3,0,7.67
resep hb dosting farmasi,0,1,0,4
resep hb dosting paling ampuh,0,1,0,3
resep hb dosting racikan,0,2,0,3
resep hb farmasi,0,5,0,10
resep hb racikan,0,13,0,8.15
resep hb racikan bpom,0,2,0,8
resep hb racikan dosting,0,7,0,9
resep hb racikan makassar,0,1,0,1
resep hb racikan paling ampuh,0,5,0,6.4
resep hb racikan pemutih,0,7,0,6.86
resep hb racikan sendiri,0,20,0,7.45
resep hb racikan sulawesi,0,1,0,11
resep racikan handbody,0,14,0,7.64
resep racikan handbody dosting,0,9,0,8.11
resep racikan handbody pemutih kulit,0,68,0,6.46
resep racikan hb,0,8,0,9.12
resep racikan hb dosting,0,1,0,10
resep racikan pemutih badan,0,13,0,5.92
revlon indonesia,0,2,0,46.5
roll on,0,3,0,57
rupiahnya,0,1,0,1
sabun,0,1,0,8
sabun pemutih badan yang ampuh,0,1,0,3
saya beauty,0,1,0,2
"saya ingin mencoba produk baru untuk perawatan tubuh, merek apa yang terkenal saat ini?. my location is indonesia.",0,3,0,11
saya ingin solusi skin barrier anti-aging—apa produk atau jenis teknologi yang sedang berkembang di pasaran id?,0,2,0,1
scrub mencerahkan badan,0,1,0,3
selain itu,0,1,0,1
selain itu ada ga,0,1,0,1
selain itu merk apa lagi,0,1,0,6
senka deep moist gel cream,0,1,0,3
serum exosome,0,1,0,8
serum lab,0,1,0,1
shampoo merker,0,1,0,31
sharleez body lotion apakah sudah bpom,0,1,0,3
shinlab,0,1,0,38
siapa heni sagara,0,1,0,2
singkatan hb dosting,0,1,0,2
skin care affiliate program,0,1,0,11
skin care brand,0,2,0,52
skin care cowo,0,1,0,34
skin care cowok,0,2,0,28.5
skin care for men,0,2,0,42
skin care mahal di indonesia,0,1,0,31
skin care manufacturer,0,1,0,73
skin care production,0,1,0,41
skin care untuk pria,0,1,0,24
skin manufacturing,0,2,0,67
skincare 2026,0,1,0,20
skincare affiliate,0,4,0,17
skincare affiliate adalah,0,10,0,15.2
skincare affiliate indonesia,0,5,0,14
skincare bali,0,2,0,35.5
skincare basic pria,0,2,0,24
skincare batam,0,1,0,8
skincare buat cowo,0,1,0,24
skincare cowok,0,1,0,31
skincare for men,0,3,0,28
skincare hb dosting,0,1,0,3
skincare hydrating mana yang paling cocok untuk cuaca panas dan lembap?,0,1,0,11
skincare lab,0,3,0,48.67
skincare laki laki,0,1,0,12
skincare mahal di indonesia,0,1,0,55
skincare manufacturer,0,2,0,39
skincare no 1 di indonesia,0,29,0,10.45
skincare no 1 di indonesia 2026,0,4,0,6
skincare no. 1 di indonesia,0,16,0,10.31
skincare nomor 1 di indonesia,0,4,0,24.5
skincare odm,0,7,0,5.71
skincare pria,0,5,0,29
skincare production,0,1,0,24
skincare surabaya,0,1,0,11
skincare terbaik 2026,0,1,0,12
skincare terbaik di indonesia,0,3,0,16.33
skincare terbaik no 1 di indonesia,0,6,0,9.83
skincare terbaik no 1 di indonesia 2026,0,8,0,2.38
skincare terlaris 2026,0,3,0,4
skincare trend 2026,0,1,0,9
skincare untuk cowok,0,2,0,22.5
skincare untuk laki laki kulit kering,0,2,0,39.5
skincare untuk pria,0,1,0,33
skincare wajah pria,0,1,0,25
skincare wajib pria,0,4,0,20
skincare white label,0,1,0,11
skincare yang lagi booming,0,1,0,15
skintific 377 dark spot moisture gel,0,1,0,3
skintific dark spot moisture gel,0,1,0,3
skintific sensitive moisture gel,0,1,0,3
skylab indonesia,0,1,0,42
software bisnis skincare,0,6,0,54.5
solvent parfum,0,1,0,3
soothing gel dari trueve untuk apa,0,1,0,2
speedlab indonesia,0,1,0,50
start a skincare brand,0,1,0,56
sunscreen lokal,0,4,0,21.5
sunscreen lokal terbaik,0,6,0,15.33
sunscreen silicone based lokal,0,1,0,22
sunscreen trend,0,1,0,4
suplemen astaxanthin yang bagus,0,1,0,3
swisse collagen complex untuk apa,0,1,0,3
syarat keranjang di instagram,0,1,0,5
symradiance 399,0,1,0,3
target pasar,0,1,0,2
target pasar skincare,0,7,0,25
tekstur moisturizer untuk kulit kombinasi,0,1,0,2
telepon,0,1,0,1
tera laboratorium indonesia,0,1,0,38
testimoni pheromone,0,1,0,10
the cre8ion lab,0,1,0,37
the dreamlab,0,1,0,1
the originote hyalucera moisturizer gel,0,1,0,3
tips cara pemakaian hb dosting,0,2,0,9
tips memutihkan ketiak,0,5,0,47.2
tisha beauty punya siapa,0,1,0,3
toko kosmetik di tangerang,0,1,0,30
toko kosmetik itu apa,0,2,0,10
toko kosmetik kecil kecilan,0,1,0,15
toko kosmetik pasuruan,0,1,0,31
toner dan micellar water apa bedanya,0,1,0,16
toner dan micellar water apakah sama,0,4,0,24.5
top 50 brand skincare indonesia,0,1,0,5
top brand skincare 2026,0,2,0,21
tren bisnis kecantikan,0,7,0,29.43
tren kecantikan 2026,0,9,0,7.33
tren parfum,0,4,0,7.5
tren parfum 2026,0,15,0,6.73
tren parfum 2026 indonesia,0,2,0,9
tren skincare,0,1,0,36
tren skincare 2026,0,4,0,5.5
tren skincare 2026 indonesia,0,1,0,6
tren sunscreen,0,7,0,7.14
trend parfum,0,3,0,5.33
trend parfum 2026,0,1,0,1
trend skincare 2026,0,4,0,11
trend sunscreen,0,1,0,18
trimlab,0,1,0,25
triszie lab indonesia-maklon skincare & kosmetik,0,27,0,14.33
tugas affiliate skincare,0,7,0,30
tujuan bisnis,0,1,0,4
tukang kosmetik terdekat,0,1,0,8
turunan vitamin c dalam skincare,0,4,0,7.75
ulasan pt danz nine indonesia,0,1,0,2
ulasan pt. derma enom farma,0,1,0,2
unboxing parfum pecah,0,3,0,10
untuk bisnis,0,1,0,2
untuk kulit,0,1,0,4
untuk kulit kering lebih baik gel atau cream,0,2,0,11
untuk mencerahkan ketiak,0,1,0,28
untuk parfum,0,1,0,1
urutan brand skincare terbaik di indonesia,0,2,0,10
urutan produk skincare terbaik di indonesia,0,1,0,11
urutan skincare terbaik di indonesia,0,14,0,9.86
usaha skincare,0,1,0,53
vendor lain,0,1,0,1
viral beauty products 2026,0,2,0,8.5
viral skincare 2026,0,1,0,29
vitacid gel dan cream bedanya apa,0,2,0,3
vitamin c yang bagus untuk kulit,0,1,0,27
vitamin c yang bagus untuk memutihkan kulit,0,2,0,48
viva moisturizer gel,0,2,0,3
viva moisturizer gel hydra lift,0,1,0,3
waktu terbaik minum astaxanthin,0,1,0,2
wardah 14x hyaluron + pentavitin deep water restore gel moisturizer,0,1,0,3
wardah aloe hydramild moisturizer cream,0,1,0,3
wardah calm & soothe gel moisturizer,0,1,0,3
wardah dark spot corrector gel moisturizer,0,1,0,3
wardah moisturizer gel,0,1,0,3
wardah plump & firm gel moisturizer untuk kulit apa,0,1,0,3
wardah purifying moisturizer gel with witch hazel,0,1,0,4
wardah vitamin c + adenosine radiant charge gel moisturizer,0,1,0,3
waterless skincare,0,1,0,10
where to get free samples,0,2,0,12.5
white inc body lotion apakah sudah bpom,0,1,0,2
white inc produk mana,0,1,0,3
white label kosmetik,0,2,0,10.5
white label skincare,0,3,0,37.33
y,0,1,0,4
ya,0,11,0,3.36
ya mau,0,1,0,1
ya saya mau keduanya,0,1,0,1
yah,0,1,0,12
yang di batam,0,1,0,4
yang lagi trend sekarang,0,1,0,2
yang lain,0,1,0,1
yellow cart adalah,0,1,0,32
yg lain,0,1,0,6
yg lain lagi,0,1,0,1
zillow+skincare,0,1,0,1
zinc oxide sunscreen lokal,0,1,0,12
